SDSS,FWHM-Hb,EW-Hb,EW-Fe2,RA,DEC,z_paul,good,CIV_blue,CIV_EW,FIRST_FLUX,Delta_G_I,EBV_dr16,LOGL1350_dr16,LOGL2500_dr16,Separation
b' J010615.93+101043.0',2936,73,2,16.566375,10.17861111111111,2.34955,true,1370.747781967049,29.741127379471575,-1.0,0.255,0.0381576798519297,46.46822612489997,46.33940026521901,0.07672564064120672
b' J141617.38+264906.1',4574,29,9,214.07241666666667,26.818361111111113,2.30336,true,5184.405057991782,10.88485314981984,2.94,0.82,0.013894797143785,46.42910680388622,46.63451581371669,0.05845566293706289
b' J011538.72+242446.0',3925,51,34,18.91133333333333,24.412777777777777,2.38956,true,1980.0431398094795,26.444624013476258,-1.0,0.014,0.043617829162679,46.82539771458922,46.61968859077877,0.09024093018204282
b' J093533.88+235720.5',6686,94,2,143.89116666666666,23.955694444444443,2.30319,true,342.2766457484174,43.004758074730006,-1.0,0.072,0.022258916679037,46.80352202903675,46.736122478257315,0.08550723579300513
b' J085443.10+075223.2',3925,60,2,133.67958333333334,7.873111111111111,,,,,,,,,,
b' J114350.30+362911.3',4090,48,13,175.95958333333334,36.486472222222226,2.35616,true,1548.4464484077423,21.15734798443527,-1.0,0.098,0.016089952320209,47.01394728228989,46.895565178271674,0.08722088820234952
b' J230722.21+253803.8',2720,50,2,346.84254166666665,25.63438888888889,1.59494,true,568.1645117650265,58.05579511372756,-1.0,0.158,0.1723303458645162,0.0,46.18155964212058,0.1275135861838355
b' J123514.64+462904.0',5243,114,2,188.811,46.48444444444444,2.20217,true,221.073413903446,52.19206113191004,-1.0,0.18,0.0173458092209469,46.63206773524284,46.6485291522132,0.07562106479409196
b' J092325.25+453222.2',3754,48,12,140.85520833333334,45.5395,3.45628,true,1411.5302029179772,36.32990783488912,-1.0,-0.227,0.0139251117521374,47.04987425216161,0.0,0.051180410787768464
b' J082507.67+360411.1',3401,72,5,126.28195833333334,36.069750000000006,1.5804,true,760.0665198844272,56.83496207903226,-1.0,0.214,0.0417722388910699,0.0,46.5992248024787,0.06525587361104453
b' J103236.98+230554.1',3267,45,13,158.15408333333335,23.09836111111111,2.38207,true,839.3664269156347,20.773789318048262,-1.0,0.281,0.0177392315088378,46.62875605061,46.66418987119133,0.10028547503136469
b' J234817.55+193345.8',5465,96,2,357.073125,19.562722222222224,2.19407,true,1228.462334472074,22.397744787192735,-1.0,0.835,0.0487542372750325,46.15432338326628,46.397115233532496,0.12814150684858633
b' J091328.22+394443.9',2449,37,2,138.36758333333333,39.74552777777778,,,,,,,,,,
b' J091716.79+461435.4',6747,19,46,139.31995833333335,46.24316666666667,,,,,,,,,,
b' J121423.01+024252.8',3838,41,2,183.595875,2.714666666666667,2.23149,true,2443.36845685784,20.190275464069686,43.82,0.197,0.0182788706760031,46.79555908326325,46.83644401633539,0.1568443292507466
b' J150743.71+220928.8',3764,95,58,226.932125,22.157999999999998,3.24701,true,1596.456847414802,43.434979330683205,-1.0,0.062,0.0406950371925705,46.78902541812547,0.0,0.12657181019660374
b' J142543.32+540619.3',4115,76,2,216.4305,54.105361111111115,3.26553,true,1480.6970095633428,16.660421347526558,-1.0,0.261,0.0082936948676771,46.92069598695426,0.0,0.06735390748108788
b' J001249.89+285552.6',4885,45,2,3.207875,28.93127777777778,3.24343,true,1500.0538224028408,26.42607988931851,-1.0,0.538,0.0325554464956457,46.77557122562619,0.0,0.10729695339771711
b' J094328.94+140415.6',5940,53,44,145.87058333333334,14.071,,,,,,,,,,
b' J163125.10+174810.0',5617,76,8,247.85458333333332,17.802777777777777,2.183702,false,1284.7674868929143,22.34380086297424,-1.0,0.602,0.0517632639874605,46.682875803636726,47.00551900193621,0.1057849913005916
b' J094347.02+690818.4',6047,63,2,145.94591666666668,69.13844444444445,,,,,,,,,,
b' J081056.96+120914.8',3504,53,2,122.73733333333334,12.154111111111112,2.26688,true,1126.318264866639,33.58638190076745,-1.0,0.226,0.0324571178014796,46.83906786760045,46.74087068382576,0.1265835501452058
b' J095327.95+322551.6',4105,95,20,148.36645833333333,32.431,,,,,,,,,,
b' J133342.56+123352.7',3815,44,2,203.42733333333334,12.56463888888889,3.28284,true,1932.8609874136098,19.42109345728266,-1.0,0.285,0.0236030098566012,47.04994935627104,0.0,0.12045910437372852
b' J080413.66+251633.9',3274,58,2,121.05691666666667,25.276083333333332,2.30367,true,1095.8335744183119,18.944415634681558,3.46,0.374,0.0276115469075743,46.69090833799016,46.76945808214396,0.05568893100605325
b' J082736.89+061812.1',3394,32,9,126.90370833333333,6.303361111111111,2.19686,true,413.26783861881097,23.188802326184227,-1.0,0.365,0.0238548403471227,46.794595296748994,46.69905066442976,0.084761539738615
b' J112127.79+254758.9',4700,77,4,170.36579166666667,25.799694444444444,1.585847,true,566.6866301445917,64.42572500146292,-1.0,0.212,0.0156105928057538,0.0,46.35689228693311,0.13942593579514603
b' J100212.63+520800.2',3608,103,2,150.552625,52.13338888888889,,,,,,,,,,
b' J100610.55+370513.8',5322,74,2,151.54395833333334,37.08716666666667,3.20196,true,1442.2883109072723,42.7509208441293,-1.0,-0.15,0.0123245007122022,46.97303604967359,0.0,0.06837509122358554
b' J094602.31+274407.0',3777,17,33,146.509625,27.735277777777778,2.44488,false,6651.788362943096,4.518650213253553,3.54,0.493,0.0212310499258469,47.08273704573848,46.92429211472346,0.10950378327136051
b' J100850.06-023831.6',3013,44,14,152.20858333333334,-2.6421111111111113,,,,,,,,,,
b' J101425.11+032003.7',6750,69,50,153.604625,3.3343611111111113,2.1606,true,2150.3724664066367,17.167702801981534,-1.0,0.264,0.0253350400258957,46.80287031184655,46.635309104121255,0.05433576575286293
b' J101211.44+330926.4',3706,58,2,153.04766666666666,33.157333333333334,,,,,,,,,,
b' J103718.23+302509.1',4577,58,2,159.32595833333335,30.419194444444447,2.28808,true,1054.158961534772,45.30529616386836,-1.0,0.617,0.0139433341543207,46.030450165768144,46.26597474996078,0.10831060814145779
b' J101353.43+244916.4',4137,75,15,153.472625,24.82122222222222,,,,,,,,,,
b' J105902.04+580848.6',2802,61,2,164.7585,58.14683333333333,2.24639,true,1181.2055655128352,34.90430108632097,-1.0,0.205,0.0072653960550809,46.64946022489987,46.73083507518961,0.08382528577041169
b' J081940.58+082357.9',7601,54,2,124.91908333333333,8.399416666666665,3.20714,true,695.7264214671162,39.84848863510997,-1.0,0.416,0.0224293427472219,46.68408991518306,0.0,0.08881975999472498
b' J102731.49+541809.7',8081,48,2,156.88120833333332,54.30269444444444,,,,,,,,,,
b' J010328.72-110414.4',3863,39,2,15.869666666666667,-11.070666666666666,2.19677,true,1870.2383033889766,15.666352164055592,49.77,0.269,0.0229749825190798,46.699051419597296,46.49999576424906,0.07680902880223
b' J103209.78+385630.6',4141,46,2,158.04075,38.94183333333333,,,,,,,,,,
b' J104621.57+483322.6',4222,39,2,161.589875,48.55627777777777,,,,,,,,,,
b' J104911.34+495113.6',2709,84,2,162.29725,49.85377777777778,,,,,,,,,,
b' J111920.98+232539.4',3805,44,2,169.83741666666666,23.427611111111112,2.273393,true,523.2197969496442,60.40251476254341,2.07,0.497,0.0145438950178294,46.33514975982592,46.44504963587347,0.06594327568520206
b' J140058.79+260619.4',3014,54,27,210.24495833333333,26.10538888888889,2.354629,true,1802.2375142123274,35.92648392277164,-1.0,0.259,0.0136700763381444,46.66905657391724,46.77392082246523,0.07503256813565422
b' J113740.61+630256.9',6886,45,9,174.41920833333333,63.04913888888888,2.321945,true,1432.2048324153,50.82175043303435,-1.0,0.5,0.020413248277207,46.632530575547534,46.598149416904796,0.05227726030546359
b' J110148.85+054815.5',7944,48,17,165.45354166666667,5.804305555555556,,,,,,,,,,
b' J092555.05+490338.2',5988,78,2,141.479375,49.06061111111111,2.33914,true,986.9142300085017,33.383154298334915,-1.0,0.231,0.0102172704330009,46.48611921628444,46.40191727424817,0.0774337068525049
b' J110810.87+014140.7',4627,30,2,167.04529166666666,1.6946388888888888,,,,,,,,,,
b' J111352.53+104041.9',4664,25,7,168.468875,10.678305555555555,,,,,,,,,,
b' J095746.75+565800.7',2794,33,34,149.44479166666667,56.966861111111115,1.575424,true,2547.740499415527,44.27948022063642,-1.0,-0.03,0.006275445522815,0.0,46.51477654446722,0.05991325134544968
b' J162659.24+301535.0',5308,62,2,246.74683333333334,30.259722222222223,1.57942,true,675.1710931215638,46.61629700456567,5.34,0.146,0.0225682304558006,0.0,46.27280113696205,0.07544225059956948
b' J073900.90+485159.0',5469,90,2,114.75375,48.86638888888889,1.61993,true,899.8901556963773,37.59680336760232,-1.0,0.083,0.0678142077788265,0.0,46.28018144915092,0.06911365917163187
b' J103246.19+323618.0',4995,58,33,158.19245833333332,32.605000000000004,2.38216,false,4142.413240722429,13.736442389441024,-1.0,1.026,0.0143760594471158,46.08267231950128,46.46356837439917,0.12599645865501605
b' J090709.89+250620.8',3498,88,6,136.79120833333334,25.105777777777778,3.30999,true,1293.1290034268163,23.75244664914711,-1.0,0.137,0.0323661883864649,46.71595171076803,0.0,0.053884698261990646
b' J114705.24+083900.6',4778,52,4,176.77183333333332,8.650166666666667,,,,,,,,,,
b' J150205.58-024038.5',5357,63,25,225.52325,-2.677361111111111,2.20384,true,2401.86208783159,30.80721426486896,-1.0,0.312,0.0945442151931588,46.647561028335154,46.58630739424999,0.04413870741997487
b' J160637.57+173516.2',3337,65,59,241.65654166666667,17.587833333333332,2.32687,true,1633.3386640048107,22.958229620964172,-1.0,0.226,0.037239904975314,46.56751921258586,46.50041388662292,0.12341541439731604
b' J161435.70+372715.6',4451,47,14,243.64875,37.45433333333334,1.6014,true,423.46821130273,36.98918211957635,-1.0,0.245,0.0101529451211739,0.0,46.51757711517515,0.048408717568115905
b' J222621.45+251545.0',7320,42,16,336.589375,25.2625,2.39044,true,1161.0150916572547,28.31715487473,-1.0,0.114,0.0520761424802292,47.37465434992345,47.36309306182399,0.09393919082613648
b' J205900.36-064309.5',4102,23,2,314.7515,-6.719305555555556,2.30946,true,4750.289163087066,11.255832258181279,-1.0,0.366,0.0511960762605932,46.72023937976409,46.593815578324325,0.06962718196938551
b' J080117.79+521034.5',5361,75,48,120.324125,52.176249999999996,3.24232,true,2515.3706869821094,17.85459373000566,-1.0,0.11,0.0405624426545862,47.30902198691648,0.0,0.07552547051397997
b' J121404.11+330945.6',3619,74,11,183.517125,33.16266666666667,,,,,,,,,,
b' J090444.33+233354.0',5234,45,11,136.18470833333333,23.565,2.25562,true,641.7967917258812,44.883953967265555,105.349998,0.304,0.0238485723139577,46.886305596544986,46.93128546913985,0.13159655550816893
b' J081114.66+172057.4',6054,58,2,122.81108333333333,17.349277777777775,2.324289,true,1109.2280636746,24.220313255780816,-1.0,0.375,0.0380574552869101,46.78192283620157,46.696658705306426,0.04800278041551206
b' J114212.25+233250.5',3518,53,38,175.55104166666666,23.547361111111112,1.60201,false,1902.6722782556137,63.22704606125565,-1.0,-0.131,0.0206917774404879,0.0,46.775516132271,0.040494585152860474
b' J121519.42+424851.0',3285,72,2,183.83091666666667,42.814166666666665,,,,,,,,,,
b' J101429.57+481938.4',2897,45,43,153.62320833333334,48.327333333333335,1.57012,true,2635.9076749155583,31.61650373955191,-1.0,-0.203,0.0065960993289413,0.0,46.448203924434935,0.004993451299441347
b' J113048.45+225206.6',5358,34,2,172.701875,22.8685,2.379216,false,1614.4756073672704,38.182893624741325,1.96,0.45,0.0148320188823386,46.20735281070454,46.1756170850916,0.08882395018446224
b' J010643.23-031536.4',6491,61,40,16.680125,-3.260111111111111,2.24856,true,2685.040388811229,11.396508410371279,-1.0,0.584,0.0209103337665334,46.676856243519154,46.852562444661906,0.10149950285639317
b' J085946.79+603702.1',3293,46,31,134.94495833333335,60.61725,2.28013,true,2139.402034212946,31.23219511091995,-1.0,0.214,0.0546561852624216,46.68185123890453,46.54588127215951,0.09727770682433716
b' J084133.15+200525.7',5738,26,27,130.388125,20.09047222222222,2.342,false,5482.636024829811,8.328394261136122,-1.0,1.796,0.0287881246319513,45.67778415617661,47.30194125020301,0.07462173112803465
b' J081410.76+443706.9',3305,84,2,123.54483333333333,44.61858333333333,2.27765,true,1418.139019491507,35.22019338045578,-1.0,0.15,0.0470888333985816,46.54073300039576,46.49224544358982,0.04674224947062288
b' J072928.48+252451.8',7074,43,2,112.36866666666667,25.414388888888887,2.30864,true,999.0905483140893,22.538704605202007,6.83,0.279,0.0475605076467096,46.76019863994201,46.743757822833224,0.09891522306793865
b' J142502.62+274912.2',4436,47,2,216.26091666666667,27.820055555555555,,,,,,,,,,
b' J165321.03+271706.7',3004,57,45,253.337625,27.285194444444446,1.60744,false,3546.0372369191296,33.62989601157709,-1.0,-0.074,0.0625377206459882,0.0,46.78847318436469,0.07071941048930216
b' J073913.65+461858.5',4688,71,2,114.806875,46.31625,1.58943,false,2205.6508841085033,26.2486916708379,-1.0,0.019,0.0756134643936083,0.0,46.55638824410264,0.09398492955017373
b' J095058.76+263424.6',3800,46,28,147.74483333333333,26.5735,2.39716,true,2427.880198859398,24.7214705414461,-1.0,0.075,0.0187510470527438,46.727201253570506,46.49642292855982,0.13610276417528408
b' J005233.67+014040.8',7278,57,2,13.140291666666666,1.678,2.30482,true,1550.8338565551428,34.25129040356807,-1.0,0.168,0.0223750544442804,46.87928827363301,46.633724230399466,0.08303530948398474
b' J144948.62+123047.5',6505,58,2,222.45258333333334,12.513194444444444,,,,,,,,,,
b' J151341.89+463002.8',3884,45,19,228.42454166666667,46.50077777777778,,,,,,,,,,
b' J090710.36+430000.2',4550,69,2,136.79316666666668,43.000055555555555,2.19307,true,1412.6525021317532,26.00627441127972,-1.0,-0.021,0.0136724281686436,47.04477668551888,46.98437179092547,0.052822232285644484
b' J152929.55+230208.7',3536,68,2,232.373125,23.03575,,,,,,,,,,
b' J074941.16+262715.9',3592,81,2,117.4215,26.454416666666667,1.59254,false,1483.7261380032721,43.547962727221616,-1.0,0.033,0.0267317788212445,0.0,46.21907148886694,0.04725454880465379
b' J160029.86+331806.9',7471,94,2,240.12441666666666,33.30191666666666,,,,,,,,,,
b' J160207.67+380743.0',6504,54,2,240.53195833333334,38.12861111111111,,,,,,,,,,
b' J151727.68+133358.6',4512,55,2,229.36533333333333,13.566277777777778,2.23752,true,1915.564206310148,28.69132209049443,-1.0,0.004,0.0384272680426178,46.83280498111628,46.628295427980426,0.01229310142364229
b' J085726.94+331317.1',2424,74,2,134.36225,33.22141666666667,2.34071,true,562.1340434685453,36.81370509089718,20.690001,0.25,0.0221148643694303,46.51878207743908,46.41741213211577,0.12506564818214794
b' J004719.71+014813.9',5605,90,2,11.832125,1.8038611111111111,1.58978,true,792.947225238313,77.69368141741961,-1.0,0.108,0.0222466308593466,0.0,46.38611287289453,0.10563728753891433
b' J163433.42+265158.2',2695,70,50,248.63925,26.86616666666667,,,,,,,,,,
b' J014206.86+025713.0',4721,48,2,25.528583333333334,2.9536111111111114,2.31425,true,450.42914310313256,27.011353527971576,2.33,1.263,0.0253878413103701,46.34334717107488,46.748750832969044,0.11322404082838304
b' J142903.03-014519.3',5337,64,2,217.262625,-1.7553611111111111,3.42634,true,1766.1878826172483,23.800179708319597,-1.0,0.039,0.043737913563864,47.09592629336521,0.0,0.06916577317498053
b' J141925.48+074953.5',5214,64,2,214.85616666666667,7.831527777777778,2.39534,true,2262.033438885336,16.034797173327487,-1.0,0.191,0.0238400706852191,46.91438232076529,46.79885000318962,0.08571620305442558
b' J010113.72+032427.0',6484,61,2,15.307166666666667,3.4074999999999998,1.57689,true,15.816638207051085,88.81883458854858,41.669998,0.098,0.0170715558953582,0.0,46.466427594166056,0.12115905185308312
b' J075405.08+280339.6',4911,47,2,118.52116666666667,28.061,2.27462,true,221.84537595081008,48.16581697367849,-1.0,-0.038,0.0273669963045011,46.53486555857448,46.37999016835775,0.0636808776018207
b' J081127.44+461812.9',3386,60,2,122.86433333333333,46.30358333333333,2.26935,true,3321.952006126988,23.741770769707507,-1.0,0.09,0.0395866340527211,47.01728442984212,46.8558467843185,0.056708237150359914
b' J095544.26+182546.9',3090,55,5,148.93441666666666,18.429694444444447,3.48319,true,845.8254488145252,48.40099695513459,-1.0,-0.1,0.0241493918366024,46.89667143184406,0.0,0.0010918156611774087
b' J105926.43+062227.4',5969,50,50,164.860125,6.3742777777777775,2.20637,true,718.7678881928117,62.96822471508668,-1.0,0.267,0.0248760339979742,46.91366015264041,46.99253763916147,0.03436973957715799
b' J235212.85-012029.6',5193,88,2,358.05354166666666,-1.3415555555555554,2.38104,true,1694.427432247496,22.74118483219311,-1.0,0.139,0.0266441487748337,46.70378677496726,46.53440619144485,0.12752839001395982
b' J102154.00+051646.3',4765,41,7,155.475,5.279527777777778,3.45427,false,1596.625289974152,21.936297839319426,-1.0,1.614,0.0141402082518922,46.6178853246778,0.0,0.11071680488301443
b' J094637.83-012411.5',3366,56,11,146.657625,-1.4031944444444444,2.219,true,717.1402468444684,22.779466403461647,-1.0,0.274,0.0392691222120521,46.50617601217541,46.38410669851549,0.09903400866610196
b' J105045.72+544719.2',4781,74,2,162.6905,54.788666666666664,2.17392,true,1293.1918843949925,29.90534483434486,-1.0,-0.089,0.0091413015039261,47.0738236697916,46.88197590495743,0.025829708934136428
b' J084729.52+441616.7',4066,58,2,131.873,44.27130555555556,2.349658,true,785.6077919108844,17.58831655069149,-1.0,0.591,0.0242234593155113,46.37715568967601,46.51621351319511,0.10394591121715807
b' J095330.36+353223.1',3778,90,2,148.3765,35.53975,2.38817,true,2930.9156660734675,15.979403504553426,-1.0,0.176,0.008370965252358,46.77156784211987,46.72979021730346,0.06479371271396034
b' J151123.30+495101.2',4688,41,2,227.84708333333333,49.85033333333333,2.403469,true,2705.843468891471,21.900183018113474,-1.0,0.46,0.0123820130323375,46.55875313205614,46.735606991089504,0.09921334216601199
b' J210831.56-063022.5',5066,42,2,317.1315,-6.50625,2.36502,true,5251.62901188767,18.176968565453052,-1.0,0.107,0.0533303288296239,47.07279633283397,46.85068111313782,0.11722617979827091
b' J001914.46+155555.9',4033,86,15,4.81025,15.932194444444443,2.26938,true,184.56404038553933,54.17869988324769,-1.0,0.143,0.041421527392371,46.70824181908767,46.599239851312866,0.0893758249189268
b' J140704.43+273556.6',6389,57,2,211.76845833333334,27.599055555555555,2.22594,true,1461.9509166568541,21.362727636707497,-1.0,0.073,0.016126967771765,46.99936498705581,46.716465141064255,0.05017975222883395
b' J104018.51+572448.1',3984,48,2,160.077125,57.41336111111111,3.42072,true,1916.2044220337116,14.151571867281376,2.92,0.073,0.0057514397124615,46.88295344015621,0.0,0.10796329484575276
b' J111313.29+102212.4',4752,81,2,168.305375,10.370111111111111,2.259802,true,2001.1019708638612,27.551771643201693,-1.0,0.226,0.0127530630834421,46.90428347213124,46.919411448022394,0.031644850347221753
b' J091941.26+253537.7',5720,56,6,139.92191666666668,25.593805555555555,2.26665,true,787.9995538907477,43.72250879393118,-1.0,0.046,0.0248302665387933,46.70047501998128,46.58112432662753,0.10386041674217657
b' J151733.09+435648.4',4101,45,35,229.387875,43.946777777777775,2.19633,true,3443.3618493565386,18.261876372750386,-1.0,0.183,0.0170104782930128,46.73105081179163,46.65939044428625,0.03659988811852395
b' J115747.99+272459.6',3985,70,37,179.44995833333334,27.416555555555554,2.206802,false,1065.1778863246084,43.53647770878543,-1.0,1.224,0.0189733265763956,46.11584101697306,46.554384762998104,0.08235725527340047
b' J094902.38+531241.5',4768,56,40,147.25991666666667,53.21152777777778,1.612306,true,1821.5527219258506,48.996151696397604,-1.0,0.019,0.0101228820848813,0.0,46.13567907796948,0.10248831409587145
b' J082603.32+342800.6',6786,56,2,126.51383333333334,34.466833333333334,2.31161,true,1495.891360856452,26.824569178377597,-1.0,0.063,0.0392406260458694,46.76326936648553,46.70798437543215,0.10864528508556621
b' J075837.62+135733.7',4318,71,2,119.65675,13.95936111111111,2.20694,true,820.9424968951566,57.55731531477062,63.759998,0.229,0.0272937341338434,46.661677320956215,46.64956795057021,0.1400020604178478
b' J214901.21-073141.6',3181,70,57,327.25504166666667,-7.528222222222222,2.21154,true,1765.9653871674375,21.978374382217062,-1.0,0.045,0.0359640017207502,46.80892694188383,46.57958626779352,0.11604694150513384
b' J161942.39+525613.4',5716,39,2,244.926625,52.93705555555555,2.35415,true,976.5756863776421,37.736852054706645,179.070007,0.164,0.0194896632743382,47.20542644533164,46.90251493804843,0.022118096750008597
b' J121314.03+080703.6',3716,41,29,183.30845833333333,8.117666666666667,2.37655,true,1795.21114460917,15.642027485909992,-1.0,0.139,0.0143804722149305,46.88452576707636,46.78577326394532,0.06393947161464518
b' J135908.35+305830.8',5425,56,2,209.78479166666668,30.97522222222222,2.28698,true,2777.929141972938,27.5638054640152,-1.0,0.108,0.0138602277500015,46.82725489234399,46.72076920745943,0.11485751628884457
b' J164807.55+254407.1',3035,48,5,252.03145833333335,25.735305555555556,2.19822,true,574.7033189298967,51.26768882954845,-1.0,0.221,0.0600549504806562,46.95357247555009,47.0626576228193,0.13097727234082304
b' J095823.07+371218.3',3498,36,2,149.596125,37.205083333333334,2.28139,true,2438.4615280646017,22.712111333756287,-1.0,0.189,0.0094816885306023,46.63891179245905,46.45949155320021,0.08221055937414297
b' J090247.57+304120.7',5510,63,2,135.69820833333333,30.689083333333333,1.5603,true,401.0753932898066,52.18516261840781,-1.0,0.168,0.0239234285651117,0.0,46.47900818601345,0.10281319585909095
b' J013012.36+153157.9',4734,64,18,22.5515,15.532749999999998,2.343581,false,12.61447494193384,19.702110136444535,-1.0,1.033,0.0463081775238995,46.50208844863878,46.69101801150775,0.12595167945418848
b' J101106.74+114759.4',2404,69,2,152.77808333333334,11.799833333333334,2.24892,true,1005.8783966993366,37.45272443722338,-1.0,0.215,0.0371712823302738,46.45969328286,46.470357618018404,0.07436080898421929
b' J154550.37+554346.2',3310,114,2,236.459875,55.7295,2.157395,true,1060.133492324097,44.15694813757977,-1.0,0.154,0.009512211893896,46.60689862741591,46.55690683841253,0.07779259701678994
b' J094646.94+392719.0',5597,63,53,146.69558333333333,39.45527777777778,2.22552,true,2778.8460532174972,24.374111093949878,-1.0,0.303,0.0144838132817513,46.66096787611447,46.6398736035875,0.01496436121728146
b' J094427.27+614424.6',4747,70,14,146.113625,61.74016666666667,2.336575,true,538.0857815348439,68.10170778867821,-1.0,1.016,0.0258604009369715,46.33978214850582,46.90317111516206,0.015780043837246484
b' J010447.39+101031.6',7484,78,2,16.197458333333334,10.175444444444445,2.36838,true,395.91007281971457,19.728598553806357,6.32,0.675,0.0303570315495576,46.486998064429336,46.60177722235402,0.07615336153877321
b' J001355.10-012304.0',10400,93,2,3.4795833333333333,-1.3844444444444444,3.38343,true,1289.0585440480793,31.7506095784456,-1.0,0.145,0.0272738429482885,46.768853719348186,0.0,0.07809781350989241
b' J225608.48+010557.8',3109,59,2,344.0353333333333,1.0993888888888887,2.268888,true,1697.498381520662,46.44235728156071,-1.0,0.355,0.0575727462719358,46.46872199088804,46.559457938666355,0.030884955633636066
b' J092216.04+160526.4',3181,58,11,140.56683333333334,16.090666666666664,2.37472,true,642.6865516544344,51.868353239864724,-1.0,0.075,0.023470792940536,46.71274989001008,46.77110850125688,0.10520337873760262
b' J114902.70+144328.0',4367,97,2,177.26125,14.724444444444444,2.18956,true,582.6867965183961,26.55315274445607,-1.0,0.139,0.0352824597014267,46.90305789722367,46.74817340790361,0.08497250523139663
b' J102907.09+651024.6',4408,65,2,157.27954166666666,65.1735,2.17751,true,2657.7699362198205,23.520632041026136,-1.0,0.085,0.0086982858413589,47.25024338096033,47.08071328452424,0.028493768154158904
b' J100653.26+011938.7',4718,54,25,151.72191666666666,1.3274166666666667,2.30291,true,2106.4082231231723,34.9622860036641,-1.0,0.366,0.0283004692517246,46.49655562341668,46.58632587813353,0.0715702603803596
b' J121736.65+515510.3',5115,61,2,184.40270833333332,51.91952777777777,2.22733,true,1161.9108641193752,52.574952938497674,78.510002,-0.061,0.0170063753738098,47.00302068543538,46.86373045906392,0.07248558813330575
b' J142435.97+421030.4',5515,40,2,216.149875,42.17511111111111,2.22608,true,1687.1942276793145,27.93570426618996,-1.0,-0.006,0.00798829349282,46.82278230547602,46.79953481425926,0.07327396278690386
b' J094214.40+034100.3',5862,58,2,145.56,3.683416666666667,1.58357,true,574.4349087060655,50.01142187389995,-1.0,0.251,0.0370736028912695,0.0,46.3329128972653,0.04813701333808091
b' J083417.12+354833.1',4047,46,53,128.57133333333334,35.809194444444444,2.16894,true,2179.312617819045,25.713331385756785,-1.0,0.12,0.0299362190912567,46.89475694215344,46.77498922884864,0.06843878011087134
b' J013647.96-062753.6',6617,40,2,24.199833333333334,-6.464888888888889,3.31147,true,4716.286443038053,18.423891029399382,-1.0,0.587,0.0248827054073155,46.89994378697653,0.0,0.09839139681377265
b' J025042.45+003536.7',7246,76,2,42.676875,0.5935277777777778,2.396423,false,971.3078147224231,50.33024880883157,-1.0,0.775,0.0508217271764802,46.41884228310725,46.48490295610621,0.08682036358343852
b' J141951.84+470901.3',3558,37,21,214.966,47.15036111111111,2.29568,true,1866.2730955404518,24.767156725066286,-1.0,0.492,0.011987898132685,46.783991798344175,46.885246933690325,0.09448549610959056
b' J094648.59+171827.7',4465,69,2,146.70245833333334,17.307694444444444,2.29611,true,808.147980557492,43.52895375403507,-1.0,0.018,0.0206069091802246,46.59216200006499,46.59041591980983,0.14547515188593504
b' J125150.45+114340.7',4635,109,11,192.96020833333333,11.727972222222222,2.19635,true,965.9956123288251,43.629096884739695,-1.0,-0.008,0.0289858141254956,46.79681087741356,46.59227425365432,0.021090547474067255
b' J113621.04+005021.2',5139,72,2,174.08766666666668,0.8392222222222223,3.42605,true,505.37323321758356,41.70412096286535,-1.0,0.166,0.0199120459724339,47.09413386075829,0.0,0.1794176564787022
b' J122709.48+310749.3',3850,31,19,186.7895,31.13036111111111,2.19682,true,5297.401098551715,10.672229109970818,-1.0,0.377,0.0152284398077255,46.63358099884272,46.52533930872277,0.07046591363068457
b' J114907.15+004104.3',6701,61,38,177.27979166666665,0.6845277777777778,2.30681,true,1032.678105795063,31.03051100566131,-1.0,0.188,0.0224922627129554,46.52732407092299,46.51200923224235,0.09976198929635172
b' J151507.82+612411.9',3663,74,2,228.78258333333332,61.403305555555555,2.18223,true,738.4341670519727,36.633546858216505,-1.0,0.053,0.0119196770645785,46.68747184993109,46.414032473083076,0.07496751493322902
b' J160425.30+193929.1',4439,46,2,241.10541666666666,19.65808333333333,3.3221,true,2343.9017509244404,20.37433475070302,-1.0,0.381,0.0366851074566637,46.71845506806485,0.0,0.13757980161423397
b' J111119.10+133603.8',5766,52,2,167.82958333333335,13.601055555555556,3.48839,true,1635.5269763472008,18.423384955916763,-1.0,0.026,0.0168110850485357,47.30377254018742,0.0,0.11884488515463824
b' J114711.78+084029.6',3396,43,2,176.79908333333333,8.674888888888889,2.33005,true,4327.072054997581,16.809663691611874,-1.0,1.103,0.0185811319651184,46.15004169827438,46.44649438864446,0.1419122934737464
b' J003416.61+002241.1',4591,84,29,8.569208333333334,0.3780833333333333,1.6309,true,1132.7978530168166,49.54934414460787,-1.0,-0.014,0.0183807324302267,0.0,46.34809841450453,0.01777634788019783
b' J010500.72+194230.4',3547,74,2,16.253,19.708444444444442,2.32225,true,1736.2293483520948,33.183140434849975,-1.0,0.537,0.0305065376288167,46.540604196978926,46.624993799703404,0.07132835271451438
b' J013652.52+122501.5',4830,94,2,24.218833333333333,12.417083333333332,2.399537,false,1067.2502626812307,66.89225326591833,1.74,0.402,0.0545645580950894,46.37788896048584,46.41158084997356,0.06539892383671457
b' J104716.50+360654.0',2988,62,2,161.81875,36.115,2.29261,true,640.3599045557075,62.903588989352464,3.88,-0.011,0.0123174708042644,46.53470703427025,46.46997394591664,0.06557346851618204
b' J091054.17+375914.9',3685,65,2,137.72570833333333,37.98747222222222,2.16681,true,959.3975645313108,23.194258479587642,250.919998,0.033,0.0178161626838508,46.9524062717853,46.692936219611646,0.11489966894200351
b' J075115.43+505439.1',3233,14,2,117.81429166666666,50.91086111111111,2.300092,false,4478.202333337492,9.10133517013628,1.29,0.299,0.0555557053052396,47.00151638196656,46.92219580499781,0.09497510989902862
b' J225627.12+092313.3',4541,58,2,344.113,9.387027777777778,2.29566,true,1455.0526882697613,29.989400609311446,-1.0,0.275,0.0626011777034883,46.54862622337581,46.49124316691993,0.10197236396846904
b' J091301.01+422344.7',4371,71,25,138.25420833333334,42.39575,2.314412,true,1111.3753689246234,55.76545656730149,-1.0,0.188,0.0156628071293094,46.51743401654641,46.77111163175797,0.08167186963335767
b' J014018.20-013805.8',6150,49,2,25.075833333333332,-1.6349444444444443,2.238253,true,1154.8370181271005,30.050791747417996,1.53,0.426,0.0263756410393587,46.70028677624147,46.63681446829224,0.1275032126108774
b' J022007.64-010731.1',3793,70,2,35.03183333333333,-1.1253055555555556,3.43249,true,2118.3069788256043,37.21341149110145,-1.0,0.769,0.0265498423027625,46.70459771610001,0.0,0.11453266443533495
b' J035150.97-061326.4',3027,65,2,57.962375,-6.224,2.22398,true,1184.3886721874553,17.40406198505943,-1.0,0.115,0.0824181352040539,46.87999790244304,46.73174583917037,0.14535236219890835
b' J125159.90+500203.6',3258,57,33,192.99958333333333,50.03433333333333,2.38386,true,1596.2747916548528,26.549260332293496,-1.0,0.173,0.008566332646662,46.7278634179426,46.693416204517234,0.08523364215175627
b' J085046.17+522057.4',6425,66,44,132.692375,52.34927777777778,2.234972,false,9567.518887949524,0.0,-1.0,0.632,0.0198040026339915,46.47963025846241,46.977036887145644,0.09284023294918704
b' J092456.66+305354.7',3628,64,2,141.23608333333334,30.898527777777776,3.45388,true,867.6556730896529,31.067480202349905,-1.0,0.357,0.0217256335492973,47.1218933900208,0.0,0.1286866618128409
b' J141028.14+135950.2',8256,64,2,212.61725,13.997277777777777,2.21372,true,1280.5705852017313,35.99917085889952,-1.0,0.133,0.0187896351011632,46.80077671435473,46.742793979744135,0.01786828342563473
b' J144624.29+173128.8',2982,44,7,221.60120833333335,17.524666666666665,2.20006,true,59.62826915346324,30.585027726781846,-1.0,0.235,0.0209194294483492,46.74772734028642,46.722313255385416,0.014986089943047546
b' J082643.45+143427.6',4044,63,2,126.68104166666667,14.574333333333334,2.31131,true,11.77920214824603,41.81872930200049,51.560001,0.109,0.0385582564287268,46.59771923391332,46.60742461148472,0.11673458143252849
b' J103405.73+463545.4',6489,63,2,158.523875,46.59594444444445,2.20974,true,1571.4732296124873,31.699522969268983,-1.0,0.201,0.0146883905762938,46.887686679888944,46.79616231486603,0.011836968029574058
b' J095852.19+120245.0',4417,44,11,149.71745833333333,12.045833333333333,3.30968,true,1455.2468910483478,20.0813479261939,-1.0,-0.161,0.0293439647541424,47.27475257569802,0.0,0.10248946147400233
b' J142500.24+494729.2',4440,52,44,216.251,49.791444444444444,2.253368,true,2953.1267373232777,15.491346080244732,-1.0,0.289,0.0146832594976069,46.93192540855773,46.800077554791564,0.07918975912258285
b' J155355.10+375844.1',3307,77,26,238.47958333333332,37.97891666666667,2.36655,true,2285.1848203530985,26.30404566114283,-1.0,0.294,0.012876212546468,46.33410056299395,46.25931392726693,0.07496414387907528
b' J101542.04+430455.6',3763,59,2,153.92516666666666,43.08211111111112,2.42437,true,4226.137173898954,16.532786960679466,-1.0,0.232,0.0144726759953558,46.87123877449454,46.80747860725965,0.1082724230039936
b' J075547.83+220450.1',3052,46,2,118.94929166666667,22.080583333333333,2.33055,true,1847.4981796214015,28.20058343575488,-1.0,0.089,0.0555900374872285,46.83579398012525,46.61980644492256,0.15274937630082427
b' J085337.36+121800.3',4502,79,2,133.40566666666666,12.300083333333333,2.19489,false,356.7301072588154,11.822581995076881,-1.0,0.346,0.0273280594495984,46.706009959544026,46.83296472218978,0.1309975409546177
b' J073519.68+240104.6',5609,78,2,113.832,24.017944444444442,3.29219,false,1601.845880292419,34.55999726932476,-1.0,0.974,0.0402750757194223,46.05744984597818,0.0,0.10145556551939158
b' J114927.90+432727.9',5591,52,2,177.36625,43.457750000000004,3.33234,true,1764.5372817319555,24.495643533782932,-1.0,0.296,0.0166097747862601,46.99207643628001,0.0,0.03617638044080621
b' J153248.95+173900.8',7286,55,2,233.20395833333333,17.650222222222222,2.352213,true,329.6019334459534,35.96860621079273,-1.0,0.376,0.0406715318454922,46.65688366615653,46.691099899338404,0.14879372965696203
b' J082644.66+163549.0',2687,73,11,126.68608333333333,16.596944444444443,2.18972,true,400.80151531970387,75.20898836780896,-1.0,0.213,0.0364178112452965,46.76320176904922,46.78819864130888,0.10182875715708038
b' J114323.71+193448.0',5274,76,2,175.84879166666667,19.58,3.35074,true,1319.5509164057246,42.57167955727734,-1.0,0.204,0.0179172665268657,47.05210817125912,0.0,0.13656868869420877
b' J013417.81-005036.2',5506,103,43,23.574208333333335,-0.843388888888889,2.26578,false,3508.0499932365583,7.146563087023532,-1.0,1.066,0.0278190899465036,46.23359432437176,46.47275352572254,0.08045039727432801
b' J142013.03+253403.9',2820,36,2,215.05429166666667,25.56775,2.2386,true,4046.6042434787937,18.628681560528022,1.25,0.604,0.015591282895176,46.56131810893167,46.644306791543464,0.10664345233322049
b' J075136.36+432732.4',3692,65,2,117.9015,43.459,2.24376,true,1716.3711794644566,31.623306355320228,-1.0,0.103,0.0468024601403279,46.69693076288042,46.64424733167475,0.06503259562312184
b' J083745.74+052109.4',4098,71,29,129.44058333333334,5.352611111111111,2.359213,true,1289.5136626354965,41.997473794870956,-1.0,0.252,0.0218079415467686,46.46809485451836,46.6043125120988,0.061499380420561855
b' J104330.09+441051.5',5751,52,2,160.875375,44.180972222222216,2.21914,true,2068.260324213261,26.06938819819313,-1.0,0.044,0.0105733453125412,46.67992284742318,46.49007770292484,0.0870256147620027
b' J084029.97+465113.7',4092,53,2,130.124875,46.85380555555556,1.57791,false,1339.129470806906,90.08462107565907,-1.0,-0.07,0.0236405751068686,0.0,46.14156199485406,0.09466175677194541
b' J160513.17+325829.9',3475,54,46,241.304875,32.97497222222223,2.27779,true,3420.490239082452,20.189531741020602,-1.0,0.147,0.0249433536414757,46.749739662370125,46.70019594530599,0.04200934910273258
b' J085344.17+354104.5',4094,59,2,133.43404166666667,35.68458333333333,2.18031,false,-192.1574686945969,8.379611946205138,-1.0,0.768,0.0352011757766222,46.54586442145117,46.64040218910277,0.036282177757128296
b' J231450.12+182402.8',3176,49,2,348.70883333333336,18.400777777777776,2.29062,true,1189.486948382988,34.73837613285473,-1.0,-0.012,0.1196303334965358,46.84499966811722,46.72151736801947,0.1413784970014996
b' J121810.98+241410.9',4146,50,18,184.54575,24.236361111111112,2.38226,true,2047.12591978023,30.143355691709406,-1.0,-0.094,0.0252710991510711,47.00087617641553,46.81742919116034,0.10028182324891226
b' J002634.46+274015.5',4420,67,2,6.643583333333333,27.670972222222222,2.24728,true,434.4749954418336,105.97875777899444,-1.0,0.367,0.036703480608677,46.24247373454251,46.13783225757178,0.10007345414832004
b' J114738.35+301717.5',3382,56,2,176.90979166666668,30.288194444444446,3.37918,false,1154.3234749507644,10.461695355194232,-1.0,0.52,0.0188242035510067,46.64040864838941,0.0,0.08155618710790459
b' J104743.57+661830.5',7109,87,2,161.93154166666667,66.30847222222222,2.17625,true,1318.5738941334014,27.96573044600195,-1.0,0.12,0.0112093995906646,46.75722341052159,46.56415395156839,0.07812775703164007
b' J084846.11+611234.6',4309,47,2,132.192125,61.209611111111116,2.26166,true,715.8160504840409,33.276404564646626,1.42,0.127,0.0475465167833904,47.04382664342545,47.022533644025394,0.08424363731076669
b' J081558.35+154055.2',5070,70,2,123.993125,15.681999999999999,2.23543,true,1070.5084595023973,29.510606353408836,-1.0,0.063,0.0300494266260317,46.84787623434107,46.71618101304161,0.13474470418795959
b' J001453.20+091217.6',5185,36,2,3.7216666666666667,9.204888888888888,2.34375,true,1037.8447718078562,41.168821077501825,-1.0,0.267,0.183615299734543,46.67717408261954,46.62470446017007,0.13565065969072854
b' J091118.02+202254.7',5476,72,2,137.82508333333334,20.38186111111111,3.23084,true,931.4643541012914,46.277432298656905,29.110001,0.734,0.031299574707726,46.2548518173388,0.0,0.009409868303607448
b' J104941.58+522348.9',5663,97,21,162.42325,52.39691666666667,2.36646,true,815.9127345460032,45.38145861532563,-1.0,0.46,0.0108793974302154,46.54631569894681,46.453854561381185,0.06813470935803134
b' J081019.47+095040.9',3382,48,35,122.581125,9.844694444444444,2.22963,true,2415.7104400189387,23.771309965301135,1.51,0.167,0.0200677224658132,46.65033011976709,46.57021571431897,0.09975336209272413
b' J092523.24+214119.8',2819,78,7,141.34683333333334,21.688833333333335,2.36195,true,757.675357473717,42.11122514661824,-1.0,0.107,0.0290374177425015,46.61228418728197,46.55316626707997,0.01075121068922487
b' J111850.02+351311.7',3664,62,2,169.70841666666666,35.21991666666667,2.17796,true,3117.437446664037,23.676608076181346,-1.0,0.122,0.0160955382228882,46.6421058055769,46.64220149697877,0.007480753451454159
b' J110516.68+200013.7',4856,62,2,166.3195,20.003805555555555,2.36393,true,891.774906392525,38.62266532131896,-1.0,0.127,0.0202312264657896,46.69518530429261,46.60169419657269,0.13355163695044175
b' J095707.82+184739.9',3069,42,30,149.28258333333332,18.794416666666667,2.3693,true,5889.128448923445,14.752636151066596,1.01,0.227,0.0238461538684933,46.79617653923338,46.74988955728572,0.09977582313934195
b' J001813.30+361058.6',4785,44,2,4.555416666666667,36.182944444444445,,,,,,,,,,
b' J085856.00+015219.4',4949,72,2,134.73333333333332,1.8720555555555556,2.17214,true,3310.606153805141,18.25132613810251,-1.0,0.124,0.0370616995429868,46.75550239001392,46.54492283820915,0.08934094819014081
b' J104336.73+494707.6',6089,121,2,160.90304166666667,49.785444444444444,2.19749,true,1681.1087021147835,27.099495277292377,-1.0,0.082,0.0120120111217146,46.89275779703393,46.74539727473857,0.07981025673887668
b' J110735.58+642008.6',2937,71,46,166.89825,64.33572222222222,2.32382,true,1983.1642890146888,24.516423778610193,-1.0,0.163,0.009690544671992,47.05053311144772,46.91555296952511,0.09904397359705373
b' J122046.05+455442.1',4208,33,2,185.191875,45.91169444444444,2.23796,true,3939.7373906285725,18.722929314864814,-1.0,0.533,0.0103485866423311,46.76986973146717,46.86481700786446,0.0939445983269168
b' J223934.45-004707.2',7031,76,2,339.8935416666667,-0.7853333333333333,2.219503,true,948.5244999900824,43.72311766467701,-1.0,0.082,0.0431126219643407,46.44386394201484,46.43893248537529,0.09663721463630001
b' J013113.25+085245.5',3905,61,2,22.805208333333333,8.879305555555556,,,,,,,,,,
b' J102537.69+211509.1',6420,55,10,156.40704166666666,21.25252777777778,2.24816,true,999.8697529939315,46.28574201598997,4.07,0.171,0.0165064490267868,46.76282997999719,46.71837970489198,0.0983978534328365
b' J113924.64+332436.9',4181,28,53,174.85266666666666,33.41025,2.313396,false,3176.2490632509366,31.223212244185788,-1.0,0.522,0.0194957727142382,46.13118583563382,46.46660503578397,0.06981118768343028
b' J014128.26+070606.1',3344,72,2,25.36775,7.101694444444444,,,,,,,,,,
b' J220344.98+235729.3',6974,76,14,330.93741666666665,23.95813888888889,2.160638,false,-114.87332894310586,35.03147635310919,-1.0,0.775,0.0657021395984481,46.186260861671386,46.3819895375256,0.09771726283634169
b' J014932.06+152754.0',2896,69,2,27.383583333333334,15.465,,,,,,,,,,
b' J021259.21+132618.8',5506,91,2,33.24670833333333,13.438555555555556,,,,,,,,,,
b' J093251.98+023727.0',5521,48,31,143.21658333333335,2.6241666666666665,2.164804,true,1555.9790008700963,39.27691493043952,-1.0,0.235,0.0386928124418814,46.36268418266525,46.51854421090189,0.03992552240780136
b' J145541.11-023751.0',4632,73,2,223.92129166666666,-2.6308333333333334,1.61342,true,531.243263827272,69.50412306391271,-1.0,0.038,0.0816926738515183,0.0,46.263450207838275,0.06633533244394753
b' J072517.52+434553.4',2345,49,2,111.323,43.764833333333335,,,,,,,,,,
b' J144706.81+212839.2',6113,56,14,221.778375,21.477555555555554,3.22468,true,501.9420258220657,29.929694830914947,1.09,0.149,0.0230415435798467,46.85712541380311,0.0,0.09096208508859169
b' J160552.97+292141.4',4192,64,2,241.47070833333333,29.361500000000003,2.325757,true,659.7300400504548,55.42784939438738,-1.0,0.438,0.033624549681139,46.58081438379108,46.70696354608021,0.07676668152877175
b' J090646.98+174046.8',3691,56,2,136.69575,17.67966666666667,1.57924,false,2159.9439049516773,33.151286015066155,-1.0,-0.067,0.0291540610639765,0.0,46.65221170319066,0.011805840589277274
b' J233344.66+290251.5',4068,55,45,353.43608333333333,29.04763888888889,3.20343,true,1605.0234778408042,24.404961663455623,-1.0,0.375,0.1496753933427031,46.67664105730672,0.0,0.07598804229477771
b' J134341.99+255652.9',9204,43,2,205.92495833333334,25.948027777777778,1.60408,true,700.0555661290734,22.206088578736598,-1.0,0.406,0.0109855827782199,0.0,46.733155254094534,4.6847555601117595E-4
b' J083255.63+182300.7',3851,21,2,128.23179166666668,18.38352777777778,2.277,true,2471.483223031785,20.7290403497978,-1.0,0.162,0.0285182932013288,46.87795946236952,46.81895551879911,0.05285471535435103
b' J080036.01+501044.3',4637,53,2,120.15004166666667,50.17897222222222,1.62371,false,1332.6213813651545,55.1409771848183,113.940002,-0.072,0.0348726615060329,0.0,46.55216058897575,0.05635426567071953
b' J013136.44+130331.0',2588,69,45,22.901833333333332,13.058611111111112,1.59728,false,1090.1119225173052,11.187298032041031,-1.0,0.183,0.0574711101890236,0.0,46.46685103980137,0.10824415983604097
