Final_Name,Name_sul07,z,z_src,r_z_sul07,CIV_blue_tvm,CIV_EW_tvm,CIVgood_tvm,CIV_blue_sul07,CIV_EW_sul07,F1450_spec (erg/s/cm2/A),S2N_1450A,Inst_final,log M_BH,+err(log M_BH),-err(log M_BH),MBH_source,logEddRatio,EddRatio_Source,SDSS_NAME,PLATE,MJD,FIBERID,IAU_sul07,Hbeta_FWHM_sul07,RFeII_sul07,_RA,_DE
PG1011-040,,0.058314,NED,,266.508764230596,13.1636477340463,1,,,1.43875526278911E-14,46.1957756003282,HSLA,,,,,,,,,,,,,,153.586,-4.31124
LBQS1138+0204,LBQS 1138+0204,0.3821,Sul,SDSS,1024.71796989958,9.09749905988748,1,536.0,33.33333333333333,1.80145090336229E-15,12.7054784111887,FOS,,,,,,,114121.75+014803.5,514.0,51994.0,285.0,J11413+0148,4225,0.92,175.3406225,1.80095333333333
NGC5548,NGC 5548,0.0168,Sul,M03,473.481426026803,367.243602604853,1,-309.0,197.33333333333331,7.657833504206261E-15,6.72628939332294,FOS,7.6917847190622,0.015835865187952,0.016101305522175,Bentz & Katz 2015,-2.94518783340976,Spectra 1450A,,,,,J14179+2508,6143,0.33,214.497970833333,25.1367916666667
PG1126-041,,0.06,https://arxiv.org/pdf/1710.10703.pdf,,404.496992539456,41.6096040412885,1,,,1.37368994354013E-14,29.7519221414498,HSLA,8.1,0.0,0.0,Giustini & Proga 2019,-0.602059991327962,Giustini & Proga 2019,,,,,,,,172.32,-4.40208
J21435+1743,[HB89] 2141+175,0.2106,Sul,M03,-78.7812685546023,19.4385206340333,1,-309.0,17.4496644295302,4.35376715842931E-15,5.97389264710132,FOS,,,,,,,,,,,J21435+1743,5298,0.33,325.898125,17.7302211111111
Q0043+4234,,0.191,NED,,59.3812117613829,136.622522278766,0,,,8.85816161251634E-16,3.48708074087679,HSLA,,,,,,,,,,,,,,10.9791,42.5751
Q1659+6202,,0.232715,DR16,,266.508764230596,27.4665111530666,0,,,1.57429475489542E-15,5.54422220292399,HSLA,,,,,,,165958.93+620218.2,351.0,51780.0,476.0,,,,254.996,62.0384
PG0003+158,PG 0003+158,0.4504,Sul,M03,-9.68066706248958,54.2608974818628,1,-35.0,88.93280632411067,7.250530665130901E-15,16.9967226513061,FOS,,,,,,,,,,,J00059+1609,5519,0.14,1.49680666666667,16.1636072222222
QSO-B0923+201,,0.1922,DR16,,-217.001832872948,16.9349810900239,1,,,1.3089446904619E-14,14.1636326464741,HSLA,,,,,,,092554.71+195405.1,9561.0,57809.0,212.0,,,,141.478,19.9014
3C110,3C 110,0.7744,Sul,SPM,-493.636574850928,59.9695243512988,1,-983.0,80.1980198019802,3.1789863125701304E-15,23.919197052379,FOS,,,,,,,,,,,J04172-0553,9256,0.55,64.3199166666667,-5.896
QSO-B1411+4414,,0.089,http://quasar.square7.ch/fqm/1411+442.html,,-217.001832872948,53.9642388831364,1,,,1.55765511760289E-14,43.5501208374764,HSLA,8.5394022177103,0.12517883713982,0.16888912577201,Bentz & Katz 2015,-1.02734989122182,Spectra 1450A,,,,,,,,213.451,44.0039
QSO-B1435-0645,,0.126,https://arxiv.org/pdf/1507.06317.pdf,,-424.458528022291,23.4566926880831,1,,,1.23009852631558E-14,27.5440002934918,HSLA,,,,,,,,,,,,,,219.567,-6.97242
QSO0045+3926,,0.135,"Borisov, Voikhanskaya & Fabrika 1991",,59.3812117613829,58.5365451269089,1,,,8.12781615410735E-15,52.5159962010099,HSLA,,,,,,,,,,,,,,12.0791,39.6866
RBS144,,0.062817,NED,,266.508764230596,25.7942364011719,1,,,1.74304982138361E-14,36.6669910648042,HSLA,,,,,,,,,,,,,,15.113,-51.2318
RBS1666,,0.079632,NED,,-147.881870046715,56.3974970027994,1,,,7.31370062148286E-15,37.1559173275064,HSLA,,,,,,,,,,,,,,301.471,-41.5784
RBS2005,,0.12,https://arxiv.org/pdf/1710.10703.pdf,,197.485608074964,113.536034823913,1,,,5.69709112867797E-15,11.2774158654853,HSLA,,,,,,,,,,,,,,351.476,21.8872
UM355,UM 355,0.26,Sul,SPM?,-1047.68051217183,322.794942291795,1,-1930.0,253.8461538461538,5.58846064476876E-16,3.75336347884694,FOS,,,,,,,,,,,J01399+0131,11245,0.09,24.9888416666667,1.52949166666667
RBS2055,,0.04,"Wei,J+1999; A&AS",,611.392208999139,121.744762049268,1,,,5.918588486112411E-15,39.5760575490943,HSLA,,,,,,,,,,,,,,357.97,26.3257
RBS563,,0.069001,NED,,266.508764230596,174.772814248891,1,,,3.2828158783990604E-15,9.34755831147857,HSLA,,,,,,,,,,,,,,69.6215,-61.7997
RXJ1230.8+0115,,0.117,"Muzahid+2018,MNRAS",,1231.16787567441,7.05210972016347,1,,,3.3074392880829404E-14,74.3355383659774,HSLA,,,,,,,,,,,,,,187.708,1.25597
RXS-J00057-5007,,0.0333,https://arxiv.org/pdf/1710.10703.pdf,,-147.881870046715,38.3897386873608,1,,,9.42691186246814E-15,40.3189567159023,HSLA,,,,,,,,,,,,,,1.42938,-50.1151
RXSJ00437+3725,,0.08,https://arxiv.org/pdf/1710.10703.pdf,,-562.833983013642,27.1731100679507,1,,,6.741190762661971E-15,25.4051156450155,HSLA,,,,,,,,,,,,,,10.9269,37.4219
RXSJ00508+3536,,0.058,https://arxiv.org/pdf/1710.10703.pdf,,-78.7812685546023,58.3956673269732,1,,,9.747443541176451E-15,33.8644605166756,HSLA,,,,,,,,,,,,,,12.7114,35.6119
RXSJ00537+2232,,0.149,DR16,,-2576.56762268633,350.257092051807,0,,,3.2723108318319302E-15,9.79147440136823,HSLA,,,,,,,005346.15+223222.3,7620.0,56904.0,603.0,,,,13.4423,22.5395
J11072+1628,[HB89] 1104+167,0.632,Sul,C93,-9.68066706248958,55.3693524326687,1,-399.0,78.92376681614348,5.5014571279197E-15,14.2468574030209,FOS,,,,,,,110715.04+162802.2,2491.0,53855.0,252.0,J11072+1628,7150,0.02,166.8126975,16.4672902777778
RXSJ0155.6+3115,,0.133373767137527,DR16,,-5939.30221751812,36.7738867141885,0,,,1.33730346715586E-15,10.7702413352406,HSLA,,,,,,,015536.03+311518.0,7737.0,57722.0,520.0,,,,28.9001,31.255
J10104+4132,FBQS J101027.5+413238,0.6126,Sul,M03,59.3812117613829,73.8447192493883,1,-59.0,96.17486338797814,4.85303330565207E-15,15.9264570535128,FOS,,,,,,,101027.52+413239.0,8302.0,57389.0,717.0,J10104+4132,2964,0.22,152.614698333333,41.5441813888889
J12047+2754,GQ Com,0.1654,Sul,M03,887.000800268488,251.244070563662,1,876.0,284.37499999999994,1.84887047441449E-15,6.50363650220252,FOS,,,,,,,120442.10+275411.8,6475.0,56337.0,302.0,J12047+2754,5194,0.1,181.175458333333,27.90325
SDSSJ001224.01-102226.5,,0.228,DR16,,1093.54751271396,44.078983112887,0,,,1.0319101534468701E-15,1.09267546085843,HSLA,,,,,,,001224.01-102226.5,7169.0,56628.0,344.0,,,,3.1001,-10.374
PG1001+291,PG 1001+291,0.3298,Sul,M03,1231.16787567441,20.9588326922613,1,1319.0,38.16425120772947,1.0605199595631E-14,12.5698712882781,FOS,7.570177620901,0.37466607593039,0.13084389605724,Bentz & Katz 2015,0.0347245056107894,Spectra 1450A,100402.60+285535.3,10449.0,58137.0,658.0,J10040+2855,1853,0.92,151.010903055556,28.9265002777778
Mrk813,MRK 0813,0.1105,Sul,SPM,-78.7812685546023,105.33391341664,1,217.0,99.43502824858757,,,FOS,,,,,,,,,,,J14274+1949,9612,0.3,216.854166666667,19.8308333333333
SDSSJ015530.02-085704.0,,0.165,DR16,,-286.141157033345,119.347019216468,0,,,1.5525266805736902E-15,1.99629971948395,HSLA,,,,,,,015530.02-085704.0,7184.0,56629.0,734.0,,,,28.8752,-8.9511
SDSSJ031027.82-004950.7,,0.080447,DR16,,1368.73015463254,22.6485042719774,0,,,4.3453563487430905E-15,10.7857011160383,HSLA,,,,,,,031027.82-004950.7,412.0,52258.0,129.0,,,,47.6158,-0.8308
J00535+1241,UGC 00545,0.0605,Sul,M03,1574.94772439789,2.79823152427666,1,1669.0,26.769230769230766,1.29393055608305E-14,14.6010119324358,FOS,7.4,0.0,0.0,Giustini & Proga 2019 (IZw1),0.146128035678238,Giustini & Proga 2019,,,,,J00535+1241,1151,1.3,13.3955488888889,12.6933861111111
SDSSJ075620.08+304535.3,,0.235748,DR16,,335.512559052064,78.2160118080979,1,,,4.39063369478915E-16,1.74623090337629,HSLA,,,,,,,075620.07+304535.4,1061.0,52641.0,293.0,,,,119.084,30.7598
SDSSJ094733.21+100508.7,,0.13954,DR16,,9574.14100214267,0.0,0,,,4.8817814690674504E-15,11.2473774261548,HSLA,,,,,,,094733.21+100508.7,1305.0,52757.0,548.0,,,,146.888,10.0858
SDSSJ100744.54+500746.6,,0.212331280112267,DR16,,-9.68066706248958,104.03353579563,1,,,1.3724082524911702E-15,1.36562105461972,HSLA,,,,,,,100744.55+500746.6,8175.0,57039.0,283.0,,,,151.936,50.1296
SDSSJ115758.72-002220.8,,0.260354,DR16,,-1186.34638717507,40.6366102984976,0,,,,,HSLA,,,,,,,115758.72-002220.9,285.0,51930.0,280.0,,,,179.495,-0.372472
SDSSJ122534.79-024757.1,,0.195419,DR16,,197.485608074964,40.8403735936155,1,,,1.0100887908043001E-15,3.3389672648365,HSLA,,,,,,,122534.79-024757.1,334.0,51993.0,234.0,,,,186.395,-2.79919
SDSSJ123235.82+060310.0,,0.083473,NED,,59.3812117613829,39.6792421075774,1,,,3.1473136607045502E-15,33.7419854498528,HSLA,,,,,,,,,,,,,,188.149,6.05277
SDSSJ132144.97+033055.7,,0.268833,DR16,,-78.7812685546023,125.937475263028,1,,,,,HSLA,,,,,,,132144.97+033055.7,526.0,52312.0,537.0,,,,200.437,3.51547
SDSSJ135712.61+170444.1,,0.15,https://arxiv.org/pdf/1507.06317.pdf,,-493.636574850928,60.7004429826135,0,,,3.3818617383445704E-15,14.7184612624564,HSLA,,,,,,,,,,,,,,209.303,17.0789
SDSSJ145108.76+270926.9,,0.065,https://arxiv.org/pdf/1507.06317.pdf,,680.318558484126,23.1815665164572,1,,,4.1377803652658405E-15,19.5399469189479,HSLA,,,,,,,,,,,,,,222.786,27.1575
PG0044+030,PG 0044+030,0.6231,Sul,M03,680.318558484126,72.0334222890486,1,750.0,75.22935779816513,2.4411110539852702E-15,8.27656368794573,FOS,,,,,,,,,,,J00470+0319,5759,0.19,11.774625,3.33194444444444
SDSSJ152139.66+033729.2,,0.1265,DR16,,-355.280481193698,223.96394944137,1,,,1.4992211948224701E-15,4.83545535612473,HSLA,,,,,,,152139.66+033729.2,592.0,52025.0,376.0,,,,230.415,3.6248
SDSSJ161711.42+063833.4,,0.229454,DR16,,128.443090585211,344.12559222887,0,,,4.0424898095459003E-16,0.893915713395192,HSLA,,,,,,,161711.42+063833.4,1732.0,53501.0,251.0,,,,244.298,6.64264
HE0132-4313,HE 0132-4313,0.237,Sul,W00,2398.38526473398,0.900459527152151,1,2665.0,5.952380952380952,7.17347216297032E-15,25.3306636201593,FOS,,,,,,,,,,,J01342-4258,2600,2.2,23.5704641666667,-42.9739805555556
SDSSJ230845.59-091123.9,,0.193032,DR16,,-286.141157033345,95.3162181666187,0,,,2.0830666619318702E-15,4.67318133343642,HSLA,,,,,,,230845.60-091123.9,725.0,52258.0,632.0,,,,347.19,-9.18999
J15591+3501,UGC 10120,0.0313,Sul,SPM,197.485608074964,103.547729190369,1,-32.0,89.61038961038962,3.98466825853387E-15,11.1739018633463,STIS,,,,,,,,,,,J15591+3501,800,1.16,239.7903125,35.0298166666667
TONS210,,0.116,https://arxiv.org/pdf/1507.06317.pdf,,266.508764230596,29.7789806882221,1,,,2.6439090369302502E-14,37.9755132787355,HSLA,,,,,,,,,,,,,,20.4646,-28.3494
MRK-335,MRK 0335,0.025418,NED,M03,-78.7812685546023,100.145145165334,0,-19.0,63.613550815558355,1.89844530203064E-14,25.3000664786039,HSLA,7.2301112487166,0.04168350502536,0.044078557164947,Bentz & Katz 2015,-0.746910783167024,Spectra 1450A,,,,,J00063+2012,1950,0.28,1.58125,20.2028
UKS-0242-724,,0.102,NED,,404.496992539456,36.582604164187,1,,,7.773264337373671E-15,16.487282135748,HSLA,,,,,,,,,,,,,,40.79,-72.2801
VIIZW244,,0.132302,NED,,542.446498180031,26.4587250799111,1,,,6.455207751183991E-15,25.468076101779,HSLA,,,,,,,,,,,,,,131.189,76.886
ZW535.012,,0.047643,NED,,-701.286883341517,140.184763848306,1,,,8.557165836874561E-15,22.3435888097721,HSLA,,,,,,,,,,,,,,9.08718,45.6648
J22541+1136,[HB89] 2251+113,0.3256,Sul,M03,611.392208999139,67.1515889394757,1,399.0,139.56834532374097,4.2773973169752305E-15,8.53716680773996,FOS,,,,,,,,,,,J22541+1136,4752,0.24,343.543443055556,11.6107286111111
J13253-3824,2MASX J13251937-382452,0.0667,Sul,A91,2672.3675039368,6.67707752804137,1,2764.0,15.254237288135592,5.71992007591431E-15,12.5700369304287,STIS,,,,,,,,,,,J13253-3824,1246,0.48,201.330720833333,-38.4145666666667
3C215,3C 215,0.4113,Sul,SPM,-9.68066706248958,151.237447548708,1,-28.0,266.6666666666667,6.33539202907991E-16,13.0118545063836,FOS,,,,,,,,,,,J09065+1646,4680,0.03,136.63275,16.7699722222222
J16142+2604,[HB89] 1612+261,0.1308,Sul,M03,-701.286883341517,74.277510526871,1,-433.0,192.6470588235294,5.352031004263071E-15,4.13235091455331,FOS,,,,,,,161413.20+260416.2,1393.0,52824.0,35.0,J16142+2604,2542,0.1,243.554983055556,26.0711666666667
J04412-4313,[HB89] 0439-433,0.5938,Sul,M03,266.508764230596,63.5525517597428,1,7.0,78.3132530120482,2.3019101956074903E-15,9.40488692402819,FOS,,,,,,,,,,,J04412-4313,3608,0.16,70.3221666666667,-43.2292777777778
PG1545+210,PG 1545+210,0.2659,Sul,M03,-9.68066706248958,127.670831323951,1,78.0,175.75757575757572,5.1786299135548205E-15,5.60255798707312,FOS,,,,,,,154743.53+205216.6,2168.0,53886.0,484.0,J15477+2052,7670,0.11,236.931406666667,20.8712808333333
J15395+4735,[HB89] 1538+477,0.7723,Sul,M03,611.392208999139,33.2444691464653,1,402.0,64.87603305785123,5.007779918843671E-15,21.7148638615904,FOS,,,,,,,153934.80+473531.2,6729.0,56419.0,258.0,J15395+4735,5857,0.34,234.895083333333,47.592
PG1302-102,PG 1302-102,0.2783,Sul,M03,335.512559052064,7.35834964492587,1,-215.0,20.930232558139533,1.9265893917254102E-14,18.8908971613723,FOS,,,,,,,,,,,J13055-1033,3959,0.64,196.3875625,-10.5553963888889
J10525+6125,[HB89] 1049+616,0.4207,Sul,SDSS,-147.881870046715,34.0190920914398,1,-179.0,64.95726495726494,3.97557969010339E-15,9.03190368183584,FOS,,,,,,,105232.74+612520.9,7096.0,56683.0,930.0,J10525+6125,4225,0.03,163.136450833333,61.4225119444444
NGC3783,NGC 3783,0.0095,Sul,M03,59.3812117613829,73.3635315521779,0,200.0,91.05058365758754,6.9998988821079E-14,17.5865140289137,FOS,7.0792187026611,0.05387104295994,0.061761409556293,Bentz & Katz 2015,-1.87772873011813,Spectra 1450A,,,,,J11390-3744,3757,0.18,174.757170833333,-37.7385
J23519-0109,[HB89] 2349-014,0.174,Sul,M03,887.000800268488,277.160884028731,1,1166.0,294.7368421052631,3.1573488192806E-15,4.14664345119443,FOS,,,,,,,235156.12-010913.3,9208.0,57688.0,698.0,J23519-0109,5805,0.2,357.983833888889,-1.15367972222222
J01376-2430,[HB89] 0135-247,0.835,Sul,JB91,-355.280481193698,28.0060159877946,1,-194.0,44.82758620689655,1.3412900143368501E-15,9.63055953974029,STIS,,,,,,,,,,,J01376-2430,10563,0.3,24.4098530555556,-24.5149711111111
Mrk0478,MRK 0478,0.0771,Sul,M03,818.132534785861,32.7711899529365,1,351.0,32.94930875576036,3.4928821575284704E-14,17.9336993251184,FOS,,,,,,,,,,,J14421+3526,1794,0.93,220.531074166667,35.4397413888889
3C336,3C 336,0.927,Sul,B96,-217.001832872948,88.9260108622831,0,-638.0,109.5238095238095,3.91714599371839E-16,20.9140562383218,FOS,,,,,,,162439.08+234512.1,1574.0,53476.0,44.0,J16246+2345,7499,0.01,246.162853055556,23.7533841666667
J19278+7358,[HB89] 1928+738,0.3021,Sul,M03,59.3812117613829,75.1220100804117,1,-209.0,83.88625592417061,4.035716282798721E-15,17.336429238861,FOS,,,,,,,,,,,J19278+7358,3582,0.19,291.952063333333,73.9671027777778
J07086-4933,1H 0707-495,0.0408,Sul,ESO,1506.21498825414,7.73549487319785,1,2032.0,8.550185873605946,1.2249737870122901E-14,14.0528654479502,STIS,,,,,,,,,,,J07086-4933,1365,1.43,107.17305,-49.5518416666667
3C454,3C 454.3,0.8586,Sul,KPNO,266.508764230596,26.2910359270771,1,295.0,31.249999999999996,1.4515733487481101E-15,19.8852025721608,FOS,,,,,,,,,,,J22539+1608,7394,0.1,343.490616666667,16.1482113888889
Mrk509,MRK 0509,0.0344,Sul,M03,197.485608074964,113.437400033429,1,457.0,117.75,4.39994730913852E-14,18.0801256643414,STIS,8.049,0.035,0.035,Bentz & Katz 2015,-1.92725373851705,Spectra 1450A,,,,,J20441-1043,3614,0.04,311.040700555556,-10.7234569444444
1H-2129-624,,0.059,https://arxiv.org/pdf/1710.10703.pdf,,128.443090585211,87.6578195839109,1,,,2.8620267012121704E-14,63.1463592739666,HSLA,,,,,,,,,,,,,,324.096,-62.4003
1H1613-097,,0.06496,https://arxiv.org/pdf/2108.11958.pdf,,59.3812117613829,68.8748231806195,1,,,3.81260826126406E-15,25.3718124491728,HSLA,,,,,,,,,,,,,,243.829,-9.60369
2MASX-J10053271-2417161,,0.154,https://arxiv.org/pdf/1710.10703.pdf,,335.512559052064,53.2609429163774,0,,,1.28171352705898E-15,7.96660294702529,HSLA,,,,,,,,,,,,,,151.386,-24.2878
PG1115+407,PG 1115+407,0.1536,Sul,M03,473.481426026803,33.5184256056564,1,383.0,45.63758389261744,8.58358809481274E-15,9.68749962615479,FOS,,,,,,,111830.28+402554.0,1440.0,53084.0,204.0,J11185+4025,2295,0.49,169.626248888889,40.4317002777778
SBS1259+593,SBS 1259+593,0.4776,Sul,M03,3629.28208173067,6.67595450381095,1,4325.0,20.0,8.49711944948238E-15,23.4723044210334,FOS,,,,,,,130112.91+590206.6,957.0,52398.0,20.0,J13012+5902,3569,1.07,195.303818888889,59.0351897222222
SBS1150+497,SBS 1150+497,0.3336,Sul,M03,-493.636574850928,129.542056033415,0,-536.0,154.54545454545453,2.0419170410518E-15,9.21914613088384,FOS,,,,,,,115324.46+493108.7,6677.0,56385.0,646.0,J11534+4931,4303,0.2,178.351944444444,49.5191194444444
3C057,3C 057,0.6713,Sul,SPM,1368.73015463254,10.0840023469453,1,1531.0,18.18181818181818,5.28084595451543E-15,41.7354180851906,FOS,,,,,,,,,,,J02019-1132,4753,1.25,30.48825,-11.5426388888889
ESO-031--G-008,,0.027619,NED,,266.508764230596,37.2773263050236,1,,,4.9174575222302404E-15,18.5097996221543,HSLA,,,,,,,,,,,,,,46.8979,-72.834
J14544-3747,[HB89] 1451-375,0.314,Sul,C97,-839.797867671753,180.005613021016,1,-777.0,216.9491525423729,1.7134936429046402E-15,6.94688233505123,FOS,,,,,,,,,,,J14544-3747,4869,0.17,223.614207222222,-37.7925402777778
ESO-141-55,,0.037109,NED,,59.3812117613829,51.9449777705396,1,,,7.23250030136542E-14,66.8725408641116,HSLA,,,,,,,,,,,,,,290.309,-58.6703
ESO-499-G-041,,0.012816,NED,,-424.458528022291,17.1238431840097,0,,,1.0160299418638001E-15,11.507007306418,HSLA,,,,,,,,,,,,,,151.481,-23.0568
NGC2841,NGC 2841 UB3,0.5563,Sul,M96,1506.21498825414,16.1510467803451,1,1931.0,29.452054794520546,4.43938374267659E-15,17.0408884715157,FOS,,,,,,,091957.60+510609.6,7290.0,57073.0,366.0,J09199+5106,6338,0.7,139.990008888889,51.1026711111111
ESO462-G09,,0.019277,NED,,-9.68066706248958,53.2551938342259,1,,,2.25279603434153E-15,20.1563002472422,HSLA,,,,,,,,,,,,,,305.465,-31.2897
TONS180,TON S180,0.062,Sul,M03,542.446498180031,17.4203225887372,1,801.0,34.4139650872818,3.11660404244289E-14,18.9157745839719,STIS,,,,,,,,,,,J00573-2222,1131,0.54,14.3341738888889,-22.3823444444444
FBQSJ1010+3003,,0.256429,DR16,,1918.32098510471,2.36723329773457,0,,,,,HSLA,7.6497319545901,0.27312914892227,0.18673204164453,Bentz & Katz 2015,,Spectra 1450A,101000.68+300321.5,10451.0,58141.0,180.0,,,,152.503,30.0561
J22032+3145,[HB89] 2201+315,0.2952,Sul,M03,266.508764230596,15.4854220548899,1,180.0,50.20408163265306,1.18068270115325E-14,13.342888754358,FOS,,,,,,,,,,,J22032+3145,3497,0.81,330.812398611111,31.7606319444444
HS-0033+4300,,0.12,https://arxiv.org/pdf/1506.00635.pdf,,-909.072721170991,89.5655022415172,1,,,1.4103389010877802E-15,10.7052230762185,HSLA,,,,,,,,,,,,,,9.09575,43.2779
IRAS-F04250-5718,,0.104,https://arxiv.org/pdf/1710.10703.pdf,,-78.7812685546023,76.9306051466363,0,,,2.44398782463497E-14,68.0689666063902,HSLA,,,,,,,,,,,,,,66.5032,-57.2003
IRAS-F22456-5125,,0.1,https://arxiv.org/pdf/1710.10703.pdf,,-147.881870046715,74.5460945742296,1,,,1.34919516877147E-14,41.6648891347361,HSLA,,,,,,,,,,,,,,342.172,-51.1648
IRAS-L06229-6434,,0.129,https://arxiv.org/pdf/1710.10703.pdf,,-562.833983013642,91.9258843688828,0,,,8.0070886221097E-15,36.5997695516011,HSLA,,,,,,,,,,,,,,95.782,-64.6058
J084349.75+261910.7,,0.2571,DR16,,-217.001832872948,43.2824287190978,0,,,2.38485077681489E-15,2.9909633779705,HSLA,,,,,,,084349.75+261910.7,11123.0,58429.0,37.0,,,,130.957,26.3197
LBQS1144-0115,LBQS 1144-0115,0.3827,Sul,SDSS,266.508764230596,18.1130288879714,1,40.0,37.49999999999999,2.97252682139711E-16,6.17893754744711,FOS,,,,,,,114718.05-013206.9,329.0,52056.0,458.0,J11473-0132,4753,0.43,176.825250555556,-1.53527888888889
J14190-1310,[HB89] 1416-129,0.1294,Sul,M03,197.485608074964,438.81339322744,1,143.0,370.17543859649123,2.3535055171378603E-15,2.49065890251412,FOS,,,,,,,,,,,J14190-1310,6617,0.1,214.765916666667,-13.1790833333333
J23037-6807,[HB89] 2300-683,0.5158,Sul,M03,-355.280481193698,173.759916912682,0,-142.0,192.06349206349202,1.6329072473781502E-15,10.9747114718704,FOS,,,,,,,,,,,J23037-6807,7625,0.16,345.931363888889,-68.1270719444444
Ark120,ARK 120,0.0323,Sul,M03,59.3812117613829,85.9940514025371,1,236.0,128.70182555780934,3.1086396423341304E-14,12.5376561812492,FOS,8.0680222899781,0.0484926868477,0.063270402603242,Bentz & Katz 2015,-2.15051818016662,Spectra 1450A,,,,,J05161-0008,6455,0.51,79.0474791666667,-0.149902777777778
J10309+3102,FBQS J103059.1+310255,0.178,Sul,SPM,-147.881870046715,90.5823627969333,1,140.0,116.79999999999997,6.8000771918512905E-15,21.2600136847503,FOS,,,,,,,103059.09+310255.7,10460.0,58161.0,61.0,J10309+3102,7800,0.02,157.746190555556,31.0488102777778
PG1404+226,PG 1404+226,0.0973,Sul,M03,1986.9569145778,27.7946145257521,1,1537.0,40.32258064516129,4.7209839181756406E-15,9.07252871881423,FOS,,,,,,,140621.89+222346.5,2784.0,54529.0,10.0,J14063+2223,956,0.93,211.591168888889,22.3962813888889
Fairall9,Fairall 9,0.0461,Sul,M03,-9.68066706248958,150.841753938017,1,-234.0,170.5394190871369,2.91601242880078E-14,20.1647617801527,FOS,8.298946723557,0.078389165280745,0.1158826647363,Bentz & Katz 2015,-2.09513667330508,Spectra 1450A,,,,,J01237-5848,6263,0.43,20.9406180555556,-58.8057355555556
PG0052+251,PG 0052+251,0.1543,Sul,M03,335.512559052064,104.454832820775,1,800.0,131.27962085308056,1.31651693418399E-14,8.93667539192189,FOS,8.462,0.083,0.094,Bentz & Katz 2015,-1.50026448439296,Spectra 1450A,,,,,J00548+2525,5772,0.15,13.7172119444444,25.4274838888889
HS0624+6907,HS 0624+6907,0.3702,Sul,M03,1231.16787567441,30.7711545868193,1,937.0,9.243697478991596,1.1502954977857E-14,12.7109095477527,FOS,,,,,,,,,,,J06300+6905,3660,0.14,97.5104655555555,69.0843988888889
SBS1250+568,SBS 1250+568,0.32,Sul,SDSS,-78.7812685546023,66.2193623353612,1,-20.0,117.24137931034484,1.6402513422429102E-15,17.6801512689453,FOS,,,,,,,125226.35+563419.6,1317.0,52765.0,20.0,J12524+5634,4810,0.01,193.109810833333,56.5721305555555
3C273,3C 273,0.1583,Sul,M03,749.225546634994,14.2261741416733,1,552.0,35.31025025711347,1.22798403986844E-13,18.1469758651104,FOS,8.838866956526,0.077049791852021,0.11301192059864,Bentz & Katz 2015,-0.895971246816401,Spectra 1450A,,,,,J12291+0203,3829,0.3,187.277896388889,2.05240638888889
J15455+4846,[HB89] 1543+489,0.3978,Sul,M03,1918.32098510471,20.228544481994,1,1587.0,40.41095890410959,4.498604744598751E-15,42.5732576549518,FOS,,,,,,,154530.23+484608.9,8429.0,57893.0,896.0,J15455+4846,1638,0.64,236.375999166667,48.769165
B21425+26,[HB89] 1425+267,0.3634,Sul,M03,404.496992539456,114.972509376456,1,563.0,139.74358974358975,2.8063108910144403E-15,5.89201424457181,STIS,,,,,,,142735.60+263214.5,2135.0,53827.0,340.0,J14275+2632,9224,0.08,216.898334444444,26.5374016666667
J13570+1919,[HB89] 1354+195,0.7197,Sul,M03,-78.7812685546023,72.4504494777185,1,-401.0,78.3132530120482,2.70176292785966E-15,10.8288044679567,FOS,,,,,,,135704.43+191907.3,2756.0,54508.0,579.0,J13570+1919,4960,0.06,209.2684875,19.3186997222222
PG1049-005,PG 1049-005,0.3591,Sul,M03,404.496992539456,59.6249334738153,1,453.0,102.08333333333333,4.6995217878318E-15,9.10893402910225,FOS,,,,,,,105151.44-005117.6,276.0,51909.0,251.0,J10518-0051,5610,0.15,162.964335,-0.854926111111111
LBQS0100+0205,LBQS 0100+0205,0.394,Sul,M03,266.508764230596,54.5585660907973,1,427.0,109.30232558139534,1.9608878473793404E-15,10.6799869421437,FOS,,,,,,,010312.99+022109.9,7858.0,57281.0,930.0,J01032+0221,6682,0.2,15.8041169444444,2.35279111111111
J21148+0607,[HB89] 2112+059,0.4608,Sul,M03,1986.9569145778,12.5958948465677,1,1498.0,51.99999999999999,4.37573417500196E-15,11.3012069157737,STIS,,,,,,,,,,,J21148+0607,4173,0.53,318.719113055556,6.128425
J04561-2159,[HB89] 0454-220,0.5346,Sul,SPM,-217.001832872948,64.4100636192695,1,-110.0,86.93467336683418,4.464002548448E-15,44.0059294194799,FOS,,,,,,,,,,,J04561-2159,9042,0.18,74.0371966666667,-21.9859841666667
PG1211+143,PG 1211+143,0.0811,Sul,M03,335.512559052064,117.103859318697,0,89.0,74.50980392156862,2.09677770464586E-14,17.1372033871604,FOS,,,,,,,,,,,J12142+1403,1989,0.47,183.573614166667,14.0536536111111
IRAS04505-2958,IRAS 04505-2958,0.2855,Sul,ESO,1024.71796989958,37.5702132116669,1,898.0,60.283687943262414,6.09925496958592E-15,28.4961155304017,FOS,,,,,,,,,,,J04525-2953,2275,0.39,73.1253380555556,-29.8931183333333
LBQS1317-0142,LBQS 1317-0142,0.225,Sul,W00,1093.54751271396,45.8307802868013,1,1073.0,61.53846153846153,1.2981291853467E-15,10.4310782540311,FOS,,,,,,,,,,,J13198-0158,2275,0.87,199.95975,-1.96777777777778
J12546+1141,[HB89] 1252+119,0.8737,Sul,SDSS,1093.54751271396,13.7613843851027,1,1567.0,22.22222222222222,1.67517688611005E-15,14.1825337217186,FOS,,,,,,,125438.25+114105.8,1695.0,53473.0,217.0,J12546+1141,3600,0.9,193.659401666667,11.6849622222222
J16303+3756,[HB89] 1628+380,0.3945,Sul,SPM,3629.28208173067,34.0470000647534,0,-941.0,200.0,2.2624035515201797E-16,1.19240916258669,FOS,,,,,,,163013.57+375821.7,5195.0,56048.0,622.0,J16303+3756,7394,0.15,247.556553333333,37.97269
LBQS1230+0947,LBQS 1230+0947,0.4159,Sul,SDSS,-78.7812685546023,35.6134572205737,1,-96.0,63.23529411764705,4.887779385768481E-15,14.7088865166901,FOS,,,,,,,123325.78+093123.3,1233.0,52734.0,312.0,J12334+0931,4225,0.03,188.357438888889,9.52315333333333
J02171+1104,[HB89] 0214+108,0.408,Sul,HB80,266.508764230596,60.8953699085058,1,214.0,152.3076923076923,2.1981210450388302E-15,5.5193617224977,FOS,,,,,,,,,,,J02171+1104,4290,0.05,34.2819805555556,11.0694216666667
3C207,3C 207,0.6804,Sul,M03,-147.881870046715,88.1839515860138,1,-425.0,117.14285714285712,4.76653335593803E-16,6.54009034127085,FOS,,,,,,,084047.58+131223.5,2426.0,53795.0,625.0,J08407+1312,2958,0.73,130.198285,13.2065455555556
PG1116+215,PG 1116+215,0.1765,Sul,M03,887.000800268488,27.6685265970104,1,700.0,62.45136186770428,3.6027229517307E-14,17.5000978454037,FOS,,,,,,,111908.67+211917.9,6430.0,56299.0,516.0,J11191+2119,3218,0.36,169.786118333333,21.3216558333333
3C281,3C 281,0.599,Sul,B96,-9.68066706248958,93.3470925736712,1,-140.0,113.46153846153845,1.0271401772801602E-15,7.92040932897265,FOS,,,,,,,130753.92+064213.9,1795.0,54507.0,239.0,J13079+0642,8915,0.01,196.974725,6.703885
J09270+3902,[HB89] 0923+392,0.6953,Sul,SDSS,-909.072721170991,40.6752676018635,1,-1240.0,72.56637168141592,1.90277140887336E-15,25.5715285917166,FOS,,,,,,,092703.01+390220.8,8832.0,57445.0,384.0,J09270+3902,12675,0.05,141.762558055556,39.0391255555556
NGC7469,NGC 7469,0.016,Sul,M03,-78.7812685546023,98.982124476012,1,-104.0,116.21093749999999,3.12059410874766E-14,21.4604537731972,FOS,,,,,,,,,,,J23032+0852,2789,0.01,345.815308333333,8.87368888888889
3C232,3C 232,0.5298,Sul,M03,-701.286883341517,22.9079735965557,1,-969.0,30.506912442396313,2.7912469513102304E-15,12.8512171117514,FOS,,,,,,,095820.94+322402.2,10450.0,58142.0,541.0,J09583+3224,13666,0.138,149.58729,32.4006138888889
J22188-0335,[HB89] 2216-038,0.901,Sul,L67,-217.001832872948,57.5884356149766,1,-1198.0,64.21052631578947,1.2055995446225202E-15,9.97460078887883,FOS,,,,,,,,,,,J22188-0335,3900,0.39,334.716823888889,-3.5935775
PG1351+640,PG 1351+640,0.0882,Sul,M03,473.481426026803,66.8681553247003,0,126.0,65.94827586206897,,,STIS,,,,,,,,,,,J13532+6345,5876,0.12,208.31598,63.7626944444444
PG0947+396,PG 0947+396,0.2067,Sul,M03,335.512559052064,46.2336569136203,1,606.0,70.18633540372672,8.328972918825641E-15,21.3584017229706,FOS,,,,,,,095048.38+392650.4,1277.0,52765.0,332.0,J09508+3926,5389,0.26,147.701604166667,39.4473733333333
NGC4253,NGC 4253,0.0124,Sul,M03,-9.68066706248958,68.3743224412489,0,590.0,33.333333333333336,2.34167944367405E-16,2.73109957675705,STIS,6.8223119728463,0.050096068294933,0.056964587121698,Bentz & Katz 2015,-3.83367094534434,Spectra 1450A,,,,,J12184+2948,2087,1.14,184.61035,29.8128194444444
J16279+5522,SBS 1626+554,0.1326,Sul,M03,404.496992539456,73.9835082366768,1,299.0,76.69902912621359,,,FOS,,,,,,,,,,,J16279+5522,4888,0.31,246.98375,55.3754444444444
NGC1275,NGC 1275,0.0175,Sul,M96,5805.01200402717,136.693966071359,0,190.0,48.275862068965516,9.84649379949897E-16,1.98313286791713,FOS,,,,,,,,,,,J03198+4130,5659,0.05,49.9506669444444,41.5116952777778
J23112+1008,[HB89] 2308+098,0.4341,Sul,M03,-147.881870046715,66.9039837475508,1,73.0,93.18181818181817,3.854844198097881E-15,14.4952629003425,FOS,,,,,,,,,,,J23112+1008,9373,0.08,347.82375,10.1375
J11586+6254,[HB89] 1156+631,0.5924,Sul,SDSS,59.3812117613829,39.060721253667,1,620.0,17.264573991031387,3.0178920773084404E-15,14.1668341091491,FOS,,,,,,,115839.90+625427.9,777.0,52320.0,588.0,J11586+6254,17956,0.0,179.666293333333,62.9077425
3C254,3C 254,0.7367,Sul,SDSS,-147.881870046715,163.953828340906,1,-166.0,182.14285714285708,6.29974148256863E-16,17.756271857136,FOS,,,,,,,111438.71+403720.3,1439.0,53003.0,114.0,J11146+4037,6866,0.2,168.661308333333,40.6223025
NGC3227,NGC 3227,0.0039,Sul,O03,197.485608074964,157.52774534972,0,195.0,149.99999999999997,4.42271566736112E-16,3.38286060002324,STIS,6.6844060194741,0.081374656999242,0.10188282008254,Bentz & Katz 2015,-4.42042595704141,Spectra 1450A,,,,,J10235+1951,4605,0.01,155.877375,19.8650833333333
UGC12163,UGC 12163,0.0245,Sul,M03,335.512559052064,10.1439618191863,1,61.0,21.551724137931036,6.7224492390847205E-15,10.4925286612286,STIS,6.4,0.0,0.0,Giustini & Proga 2019 (Ark 564),0.0413926851582251,Giustini & Proga 2019,,,,,J22426+2943,1300,0.87,340.6637875,29.7254305555556
J21315-1207,[HB89] 2128-123,0.4996,Sul,M03,-355.280481193698,78.0837355072204,1,-524.0,104.3824701195219,5.62106072561036E-15,19.4889722761882,FOS,,,,,,,,,,,J21315-1207,6468,0.01,322.896923888889,-12.1179988888889
J14297+4747,[HB89] 1427+480,0.2199,Sul,M03,-286.141157033345,45.3827131083012,1,-426.0,75.70093457943923,5.630007686955071E-15,25.1574792271759,FOS,,,,,,,142943.07+474726.2,8434.0,57484.0,311.0,J14297+4747,2782,0.26,217.429455555556,47.7906047222222
J13590-4152,[HB89] 1355-416,0.3145,Sul,T93,-78.7812685546023,35.4204245835607,1,1069.0,73.63896848137536,8.5032665068507E-15,12.8138101102373,FOS,,,,,,,,,,,J13590-4152,8978,0.1,209.750789444444,-41.8813255555556
PG1216+069,PG 1216+069,0.3322,Sul,M03,266.508764230596,53.725309112622,1,-279.0,94.41340782122903,8.60817456649007E-15,14.5474393668987,FOS,,,,,,,,,,,J12193+0638,7072,0.17,184.837216666667,6.64402111111111
3C345,3C 345,0.5931,Sul,M03,-9.68066706248958,167.547327137303,1,-250.0,107.27272727272727,3.34286039517219E-16,2.94770339487898,FOS,,,,,,,164258.80+394837.0,6038.0,56090.0,144.0,J16429+3948,4498,0.3,250.745041388889,39.8102761111111
J13122+3515,FBQS J131217.7+351521,0.1821,Sul,M03,-217.001832872948,39.2744534465449,1,358.0,68.74999999999999,5.917948727866261E-15,4.5145468200832,STIS,,,,,,,131217.75+351521.0,2016.0,53799.0,61.0,J13122+3515,4186,0.19,198.073958333333,35.2558611111111
PG0026+129,PG 0026+129,0.1451,Sul,M03,266.508764230596,27.2816773919069,1,501.0,30.141843971631207,1.16651147387527E-14,10.536237967863,FOS,8.487,0.096,-0.119,Bentz & Katz 2015,-1.63482206743188,Spectra 1450A,,,,,J00292+1316,2405,0.28,7.30709166666667,13.2677458333333
J05198-4546,PICTOR A,0.035,Sul,EH04,-9.68066706248958,230.776270806625,1,1111.0,177.77777777777777,1.6765477266136302E-15,4.66057115517464,FOS,,,,,,,,,,,J05198-4546,18400,0.01,79.9572291666667,-45.7788055555556
J04055-1308,[HB89] 0403-132,0.5705,Sul,M03,-701.286883341517,89.0128403391668,1,-560.0,63.07692307692306,1.16920530487701E-15,21.1071382885753,FOS,,,,,,,,,,,J04055-1308,4440,0.07,61.3916991666667,-13.1371569444444
PG1352+183,PG 1352+183,0.1508,Sul,M03,335.512559052064,61.2083644885568,1,372.0,80.31496062992125,8.21435053789935E-15,8.36984088894412,FOS,,,,,,,135435.68+180517.4,2756.0,54508.0,228.0,J13545+1805,4947,0.44,208.648704166667,18.0881888888889
PG0953+414,PG 0953+414,0.2347,Sul,M03,266.508764230596,55.4402947873033,1,286.0,64.01673640167364,1.3218250044419E-14,12.811259292097,FOS,8.3333438617531,0.082362180630703,0.10752209695982,Bentz & Katz 2015,-0.969120117297685,Spectra 1450A,,,,,J09568+4115,3413,0.22,149.218298333333,41.2561597222222
PG1415+451,PG 1415+451,0.1151,Sul,M03,955.869065751115,32.3341564916107,1,771.0,68.59504132231405,9.944005896917421E-15,6.02744289740983,FOS,,,,,,,141700.82+445606.3,1287.0,52728.0,296.0,J14170+4456,2691,1.03,214.253441944444,44.935095
SBS1704+608,SBS 1704+608,0.372,Sul,M03,-424.458528022291,39.8676818396469,1,200.0,78.49999999999999,7.023348606154541E-15,7.25949271563712,STIS,,,,,,,170441.38+604430.5,353.0,51703.0,377.0,J17046+6044,9224,0.11,256.172371666667,60.7418138888889
J11391-1350,[HB89] 1136-135,0.5562,Sul,SPM,-147.881870046715,94.0485962781964,1,-674.0,96.58119658119658,2.9381474661023604E-15,13.6101282898757,FOS,,,,,,,,,,,J11391-1350,4584,0.1,174.7946125,-13.8454405555556
PG1001+054,PG 1001+054,0.1611,Sul,M03,1162.37705552831,45.157798911833,1,930.0,66.66666666666667,3.5347601280778803E-15,10.5266392851443,FOS,,,,,,,100420.13+051300.4,995.0,52731.0,4.0,J10043+0513,1879,0.49,151.0839225,5.21680388888889
NGC4395,NGC 4395,8.0E-4,Sul,M03,-355.280481193698,132.258558245333,0,-176.0,75.0,7.563545096480069E-16,5.34543119690675,STIS,5.449,0.13,0.145,Bentz & Katz 2015,-4.31503961056733,Spectra 1450A,,,,,J12258+3332,1695,0.47,186.453841666667,33.54675
PG1121+422,PG 1121+422,0.2253,Sul,M03,473.481426026803,34.4512084190806,1,166.0,58.55263157894736,8.10917795927497E-15,13.844980833217,FOS,,,,,,,112439.18+420145.0,1443.0,53055.0,358.0,J11246+4201,2834,0.23,171.163228055556,42.0291780555556
PG1100+772,PG 1100+772,0.3116,Sul,M03,197.485608074964,93.1679726903987,1,-3.0,128.78787878787878,6.4414848776130605E-15,9.55555311244533,FOS,,,,,,,,,,,J11042+7658,8242,0.01,166.057823888889,76.982825
LBQS0003+0146,LBQS 0003+0146,0.234,Sul,C91,611.392208999139,33.24366724046,0,455.0,72.72727272727272,2.9124967966125304E-15,13.7286010369081,FOS,,,,,,,000547.54+020302.2,7852.0,56987.0,932.0,J00057+0203,3315,0.26,1.44808416666667,2.05065861111111
J00449+1026,[HB89] 0042+101,0.5857,Sul,SPM,-493.636574850928,259.268755758927,1,37.0,191.66666666666663,1.68316962483025E-16,3.68383222101625,FOS,,,,,,,,,,,J00449+1026,8978,0.4,11.2446869444444,10.4480772222222
J23466+0930,[HB89] 2344+092,0.6719,Sul,M03,266.508764230596,46.7516061662248,1,111.0,40.9090909090909,2.60072230708931E-15,13.1845636943378,FOS,,,,,,,,,,,J23466+0930,3159,0.2,356.653493888889,9.51264305555555
J21377-1432,[HB89] 2135-147,0.2004,Sul,M03,-78.7812685546023,151.943941629687,1,-131.0,187.83783783783784,4.06893230146928E-15,8.03978002682082,FOS,,,,,,,,,,,J21377-1432,9789,0.11,324.4382625,-14.5487277777778
J11594+2106,[HB89] 1156+213,0.349,Sul,HB89,818.132534785861,84.1607537154535,1,614.0,140.00000000000003,2.4247525886144902E-15,10.8074080870932,FOS,,,,,,,115926.20+210655.8,2643.0,54208.0,296.0,J11594+2106,13000,0.17,179.8591875,21.1154966666667
J22463-1206,[HB89] 2243-123,0.6255,Sul,M03,-286.141157033345,48.1259576345284,1,-451.0,68.83116883116881,3.2314057405024702E-15,14.3084704481948,FOS,,,,,,,,,,,J22463-1206,4472,0.14,341.5759875,-12.1142477777778
J14467+4035,[HB89] 1444+407,0.267,Sul,M03,1299.95869582056,12.8345315897123,1,1143.0,23.24561403508772,1.3454994847645601E-14,13.7930392069556,FOS,,,,,,,144645.93+403505.7,1397.0,53119.0,190.0,J14467+4035,3101,1.2,221.691423888889,40.5849530555556
PG1307+085,PG 1307+085,0.1546,Sul,M03,-424.458528022291,64.0070953294598,1,-312.0,97.14285714285714,9.832046877344861E-15,5.89616474076281,FOS,8.5368580535686,0.09373664325906,0.16119497330454,Bentz & Katz 2015,-1.69841683007412,Spectra 1450A,130947.00+081948.2,1795.0,54507.0,457.0,J13097+0819,5616,0.1,197.445841666667,8.33006111111111
MR2251-178,MR 2251-178,0.0638,Sul,M03,473.481426026803,208.073682233763,1,321.0,281.59999999999997,2.7845190361364102E-14,64.8653111216693,HSLA,,,,,,,,,,,J22540-1734,7176,0.09,343.525,-17.582
J04232-0120,[HB89] 0420-014,0.915,Sul,WL78,-9.68066706248958,57.2771034656896,1,-181.0,87.5,3.78851677984876E-16,17.908756231956,FOS,,,,,,,,,,,J04232-0120,3185,0.02,65.8158363888889,-1.34251805555556
J132059.41+295728.1,,0.206057116389275,DR16,,-1047.68051217183,25.2576261904918,0,,,6.22939990107409E-16,2.16341965120861,HSLA,,,,,,,132059.42+295728.1,11401.0,58491.0,331.0,,,,200.248,29.9578
LBQS1132-0302,LBQS 1132-0302,0.236,Sul,W00,1162.37705552831,19.0810325740692,1,1408.0,36.11111111111111,1.5335358299698202E-15,9.90950146446515,FOS,,,,,,,,,,,J11350-0318,2600,1.3,173.770458333333,-3.31430555555556
PG1322+659,PG 1322+659,0.1674,Sul,M03,542.446498180031,58.74363571202,1,310.0,65.83333333333334,6.74913945471463E-15,30.1062536972024,FOS,,,,,,,,,,,J13238+6541,3114,0.34,200.9561975,65.6967272222222
3C095,3C 095,0.616,Sul,M03,-147.881870046715,27.9359258273506,1,78.0,51.26903553299492,6.833726016758871E-15,14.1902562071281,FOS,,,,,,,,,,,J03514-1429,9516,0.22,57.8690833333333,-14.4856111111111
FBQSJ074541.6+314256,FBQS J074541.6+314256,0.4611,Sul,M03,128.443090585211,116.511509701595,1,-258.0,105.46875,2.635873494365E-15,12.0057090549169,FOS,,,,,,,074541.66+314256.6,755.0,52235.0,46.0,J07456+3142,7800,0.09,116.423631111111,31.7157269444444
J14052+2555,FBQS J140516.1+255534,0.1633,Sul,M03,542.446498180031,16.2040044733816,1,719.0,44.98269896193771,1.7706791790093202E-14,9.20799507362585,FOS,,,,,,,,,,,J14052+2555,2041,0.84,211.317588055556,25.9261522222222
3C334,3C 334,0.5556,Sul,M03,266.508764230596,66.2419592474425,1,67.0,75.57251908396947,3.32543260951777E-15,13.7550480048164,FOS,,,,,,,162021.81+173623.9,2969.0,54586.0,180.0,J16203+1736,11219,0.09,245.090910555556,17.6066530555556
MRK-1018,,0.04261,DR7,,-286.141157033345,221.311072590683,1,,,5.39172237488621E-16,6.71389436402424,HSLA,,,,,,,,,,,,,,31.5666,-0.291439
J15147+3650,[HB89] 1512+370,0.371,Sul,M03,680.318558484126,67.0178246955285,1,622.0,91.02564102564102,6.2513634128760804E-15,10.1608208842011,FOS,,,,,,,151443.06+365050.4,10743.0,58222.0,410.0,J15147+3650,10485,0.15,228.679454166667,36.8473366666667
MRK-1044,,0.0161,https://arxiv.org/pdf/1710.10703.pdf,,335.512559052064,45.8089835823853,1,,,2.50536012589817E-14,47.390490594934,HSLA,,,,,,,,,,,,,,37.523,-8.99814
MRK-1253,,0.049986,NED,,404.496992539456,136.18498293926,1,,,4.0113710718499105E-15,16.7694058940517,HSLA,,,,,,,,,,,,,,154.887,-3.3375
MRK-231,,0.04147,,,2535.40542633657,7.25454117788086,1,,,1.47948718107139E-15,18.1358895714891,HSLA,,,,,,,,,,,,,,194.059,56.8735
MRK-279,,0.030451,NED,,680.318558484126,310.500088008205,1,,,3.782235157062051E-15,14.0385140890768,HSLA,7.4348100594031,0.099307538851625,0.13286788915097,Bentz & Katz 2015,-1.48496369442234,Spectra 1450A,,,,,,,,208.264,69.3082
MRK106,,0.123366,DR16,,-1880.64382889745,50.4230228982545,0,,,8.148317793355281E-15,33.8862342961016,HSLA,,,,,,,091955.34+552137.1,451.0,51908.0,133.0,,,,139.981,55.3604
MRK1148,,0.064,https://arxiv.org/pdf/1710.10703.pdf,,-424.458528022291,107.584734885395,1,,,1.14006947583432E-14,36.9821876282796,HSLA,,,,,,,,,,,,,,12.9782,17.4329
MRK1179,,0.037599,NED,,542.446498180031,190.227978787693,1,,,2.0632861581371203E-15,13.5103321949362,HSLA,,,,,,,,,,,,,,38.343,27.937
LBQS0017+0209,LBQS 0017+0209,0.401,Sul,F89,1918.32098510471,14.9417377136714,1,2144.0,27.27272727272727,1.2485556811412602E-15,12.3953157894967,FOS,,,,,,,002025.06+022625.5,7854.0,56989.0,610.0,J00204+0226,2535,1.07,5.10444833333333,2.44041833333333
MRK1392,,0.0359,https://arxiv.org/pdf/1710.10703.pdf,,128.443090585211,60.1012329571048,1,,,1.67759018570134E-14,52.0656697770555,HSLA,,,,,,,,,,,,,,226.486,3.70728
3C263,3C 263,0.6465,Sul,M03,197.485608074964,55.422020401054,1,210.0,79.67032967032965,5.12346655293758E-15,10.6200119706119,FOS,,,,,,,,,,,J11399+6547,5012,0.85,174.987601388889,65.7970883333333
MRK1513,,0.062,https://arxiv.org/pdf/1710.10703.pdf,,-9.68066706248958,78.5643792955013,1,,,1.49504086594274E-14,45.1719966971769,HSLA,7.4329003998152,0.055325637629993,0.063384413098389,Bentz & Katz 2015,-0.264619216485364,Spectra 1450A,,,,,,,,323.116,10.1385
MRK290,,0.0302,https://arxiv.org/pdf/1710.10703.pdf,,-9.68066706248958,123.86683048304,0,,,1.33093237737549E-14,49.3355957244216,HSLA,7.2773542981047,0.06090863082718,0.060855406684665,Bentz & Katz 2015,-0.795515094792151,Spectra 1450A,,,,,,,,233.968,57.9025
MRK352,,0.01486,NED,,197.485608074964,371.717077820312,1,,,2.4898203047986703E-15,2.10267159037725,HSLA,,,,,,,,,,,,,,14.9721,31.827
MRK817,,0.031328,NED,,-9.68066706248958,61.9628829807119,1,,,5.5186101720581805E-14,79.7381740936211,HSLA,7.5861615593629,0.06356107414147,0.071832073021485,Bentz & Katz 2015,-0.462580030099964,Spectra 1450A,,,,,,,,219.092,58.7943
3C390,3C 390.3,0.0555,Sul,M03,749.225546634994,283.904109951461,0,1285.0,132.20338983050846,3.96389570608438E-15,9.07064617829736,FOS,8.7106503754466,0.032513639744035,0.036187126958126,Bentz & Katz 2015,-3.19720349526644,Spectra 1450A,,,,,J18421+7946,12688,0.12,280.537458055556,79.7714244444444
Mrk205,MRK 0205,0.0711,Sul,M03,266.508764230596,88.9572665991363,1,73.0,52.07756232686981,1.55737336054881E-14,6.13854762042204,FOS,,,,,,,,,,,J12217+7518,3783,0.21,185.433195833333,75.3105527777778
MRK841,,0.036422,NED,,-9.68066706248958,119.158985678182,1,,,1.9607418334061202E-14,37.1728942559439,HSLA,,,,,,,,,,,,,,226.005,10.4378
MRK876,,0.129,NED,,404.496992539456,29.995281479734,1,,,2.97963267738081E-14,82.1517077546189,HSLA,8.339,0.164,0.271,Bentz & Katz 2015,-0.207723255397248,Spectra 1450A,,,,,,,,243.489,65.7195
J06357-7516,[HB89] 0637-752,0.651,Sul,T93,-770.523014172515,40.1191518716033,1,-534.0,58.67768595041321,3.0907610868966003E-15,8.25669342589387,FOS,,,,,,,,,,,J06357-7516,7922,0.4,98.94381,-75.2713166666667
J18219+6420,[HB89] 1821+643,0.2972,Sul,M03,-9.68066706248958,52.1290536831322,1,-457.0,105.50576184379001,3.11325593508513E-14,21.6548038263275,FOS,,,,,,,,,,,J18219+6420,6968,0.25,275.488485555556,64.3433961111111
NEWQZ003,,0.11674,DR16,,266.508764230596,579.075650401946,0,,,1.17629747479447E-16,0.309823344628847,HSLA,,,,,,,134617.54+622045.5,604.0,52079.0,90.0,,,,206.573,62.3459
QSO-003916-511701,[WPV85] 007,0.029,Sul,G99,1162.37705552831,20.6029716694391,1,78.0,99.99999999999999,5.6831299034295504E-15,48.4663285689324,HSLA,,,,,,,,,,,J00392-5117,1203,0.68,9.81595,-51.2837
J08535+4349,[HB89] 0850+440,0.5149,Sul,M03,1093.54751271396,42.2344551146823,1,1345.0,51.898734177215175,2.2502688109350704E-15,10.278124193718,FOS,,,,,,,085334.23+434902.3,8281.0,57042.0,160.0,J08535+4349,2724,0.23,133.392651388889,43.8172305555556
NGC1566,NGC 1566,0.0051,Sul,ESO,-701.286883341517,114.347873046582,0,-993.0,105.55555555555553,2.15438040391969E-15,2.15722678799721,FOS,,,,,,,,,,,J04200-5456,5967,0.05,65.0017458333333,-54.9378083333333
NEWQZ004,,0.118,DR16,,-978.366936004349,19.5084437838384,0,,,2.21559090766282E-15,3.68169302958123,HSLA,,,,,,,130534.49+181932.8,2603.0,54479.0,443.0,,,,196.394,18.3258
NEWQZ013,,0.1812,DR16,,-147.881870046715,188.291512171567,0,,,6.4771871635065E-16,1.06052111869071,HSLA,,,,,,,171448.50+332738.3,2973.0,54591.0,190.0,,,,258.702,33.4606
NEWQZ015,,0.1885,DR16,,59.3812117613829,91.2576434076797,0,,,1.63313252564039E-15,2.01806501943233,HSLA,,,,,,,125142.27+240435.2,2661.0,54505.0,197.0,,,,192.926,24.0765
NEWQZ027,,0.227580606937408,DR16,,-286.141157033345,34.8303205687489,0,,,9.75836478688498E-16,1.72605794139106,HSLA,,,,,,,093653.84+533126.8,7286.0,57096.0,113.0,,,,144.224,53.5241
NGC-4051,,0.002336,NED,,59.3812117613829,65.2397239273098,0,,,9.635043837591191E-15,19.8798719106425,HSLA,5.8907226866257,0.084460394929994,0.14466471069256,Bentz & Katz 2015,-1.75960723746926,Spectra 1450A,,,,,,,,180.79,44.5313
NGC-3516,NGC 3516,0.0088,Sul,K96,-78.7812685546023,153.396599379582,1,-68.0,212.49999999999997,1.17176795844084E-14,35.531209203496,HSLA,7.3986460802024,0.03576825226276,0.057669071721479,Bentz & Katz 2015,-2.04241314513086,Spectra 1450A,,,,,J11067+7234,6338,0.36,166.697891666667,72.5685277777778
NGC-7469,,0.016268,NED,,-147.881870046715,87.8261537682665,0,,,2.73636736502969E-14,123.682494252536,HSLA,6.9562496954585,0.048244766203076,0.04950025591957,Bentz & Katz 2015,-0.704863098799507,Spectra 1450A,,,,,,,,345.815,8.87372
NGC-863,,0.026385,NED,,-147.881870046715,324.071792516416,0,,,2.12889322270041E-15,19.1573732454788,HSLA,7.57,0.062,0.074,Bentz & Katz 2015,-1.9919622560123,Spectra 1450A,,,,,,,,33.6399,-0.766744
NGC-985,,0.04271,NED,,128.443090585211,54.9138944912876,1,,,3.66088729587141E-14,40.352121880587,HSLA,8.4,0.0,0.0,Giustini & Proga 2019,-1.30102999566398,Giustini & Proga 2019,,,,,,,,38.6578,-8.78806
PG1114+445,PG 1114+445,0.1433,Sul,M03,-355.280481193698,62.5494605636302,1,-351.0,82.14285714285711,2.9306693955291E-15,12.8279580096779,FOS,,,,,,,111706.39+441333.3,1365.0,53062.0,378.0,J11171+4413,5402,0.1,169.276635555556,44.2259125
PDS456,,0.185,https://arxiv.org/pdf/1710.10703.pdf,,5262.58486718126,45.7878553491449,1,,,4.8310595885600205E-15,14.1754994307525,HSLA,9.0,0.0,0.0,Giustini & Proga 2019,-0.0969100130080564,Giustini & Proga 2019,,,,,,,,262.082,-14.2656
PG0804+761,,0.1,NED,,128.443090585211,20.3047706304454,1,,,6.45959981453977E-14,68.7587846767776,HSLA,8.735,0.048,0.053,Bentz & Katz 2015,-0.506945191625327,Spectra 1450A,,,,,,,,122.744,76.0449
